username,email,first_name,last_name,password
michaelwright1438,michael.wright@example.com,Michael,Wright,eW&)QRgurR)QFu
jamesparker1445,james.parker@example.com,James,Parker,aO5nflsqcL3+9H
eric_jones352,eric.jones@example.com,Eric,Jones,^_ObY$3&!%1V$e
douglas_white936,douglas.white@example.com,Douglas,White,QR(Yj6X+Rcy=lU
maryrivera3764,mary.rivera@example.com,Mary,Rivera,K@D*9wt&4W7fbr
garharris4555,gary.harris@example.com,Gary,Harris,1ani$Tlk3b&Wj*
jerryphillips487,jerry.phillips@example.com,Jerry,Phillips,)Q1Sdu1isVEkh%
shacooper4870,sharon.cooper@example.com,Sharon,Cooper,Vq&R%pv=X3hr6c
timothy_edwards312,timothy.edwards@example.com,Timothy,Edwards,%P%$)rR#n*VC_R
susan.wright,susan.wright@example.com,Susan,Wright,Yf#kz#zcyI_DkO
david_baker551,david.baker@example.com,David,Baker,9@YdG+!RYC#qa@
debramos6008,deborah.ramos@example.com,Deborah,Ramos,U1OTB5RyxWh1W#
emily_thompson,emily.thompson@example.com,Emily,Thompson,pH#PhWg=XMn7+P
dorothy_edwards,dorothy.edwards@example.com,Dorothy,Edwards,F6#+JRgxpc2@q9
scott.garcia,scott.garcia@example.com,Scott,Garcia,Ce7#K-bPXDiGKv
cynrivera312,cynthia.rivera@example.com,Cynthia,Rivera,vzfI^v^yM@7CK^
susanwilson,susan.wilson@example.com,Susan,Wilson,y%iY05oh_33%Tt
brendamoore3196,brenda.moore@example.com,Brenda,Moore,FAjZdb0P(dfF3L
betty_hill290,betty.hill@example.com,Betty,Hill,$dUt7C1C$3Y)yX
elizabethcook707,elizabeth.cook@example.com,Elizabeth,Cook,qp6T(c4%TKUBXg
jessicagutierrez1564,jessica.gutierrez@example.com,Jessica,Gutierrez,AXx1q8raulQems
markcollins7058,mark.collins@example.com,Mark,Collins,hto7lrfT4AEE3R
janet.jackson,janet.jackson@example.com,Janet,Jackson,ZSDhh(ioFKEq)a
olivia_peterson,olivia.peterson@example.com,Olivia,Peterson,Vq1eLSOaS#aLkW
aaron_white456,aaron.white@example.com,Aaron,White,ZjyAT29K(*uXdH
heather_brown799,heather.brown@example.com,Heather,Brown,mrmIpjUhGUqG0l
christineking8520,christine.king@example.com,Christine,King,QKN4Ealom4XTxq
shasmith170,sharon.smith@example.com,Sharon,Smith,qkw&I1vXNidp_Y
andrew_kelly654,andrew.kelly@example.com,Andrew,Kelly,NN(RcsNKz2B@f2
william_martin683,william.martin@example.com,William,Martin,i5-yZ_3&UjBl4f
scott_flores214,scott.flores@example.com,Scott,Flores,^mg08XQxZ2nlfB
nanmoore8457,nancy.moore@example.com,Nancy,Moore,HK0x&^(la-s%m6
carolyn.young,carolyn.young@example.com,Carolyn,Young,7VK&_=RzvfVg-m
jonathanmitchell6913,jonathan.mitchell@example.com,Jonathan,Mitchell,D+Xr#m!^D^@QO1
julie_wright693,julie.wright@example.com,Julie,Wright,ng%sVfrsvZw)F$
carwhite185,carolyn.white@example.com,Carolyn,White,tJS#4Ci28YOg21
ruthlopez5372,ruth.lopez@example.com,Ruth,Lopez,eTUPE()8=RDexq
caredwards7782,carolyn.edwards@example.com,Carolyn,Edwards,bSqIT*NjSAgp)q
jusjohnson6988,justin.johnson@example.com,Justin,Johnson,@iyxSDQ1!oYjT$
edward.wilson,edward.wilson@example.com,Edward,Wilson,wyki2535f1gmM#
ronald_carter,ronald.carter@example.com,Ronald,Carter,xpd4Y#PeAKOKtO
olimorris664,olivia.morris@example.com,Olivia,Morris,tAQE8)CNuz79Q8
alexander_edwards,alexander.edwards@example.com,Alexander,Edwards,kY7mPW__^qDhu1
pamelacruz,pamela.cruz@example.com,Pamela,Cruz,w%E1k-X(iV7rvS
ruth_kim144,ruth.kim@example.com,Ruth,Kim,u6IDzLy=gNy5dx
christopher_nelson334,christopher.nelson@example.com,Christopher,Nelson,fSBkw73wm)^gEn
cynmartin2898,cynthia.martin@example.com,Cynthia,Martin,q-VZc!N33u_syD
kevin_cruz150,kevin.cruz@example.com,Kevin,Cruz,u^vD@pmMwc@ZD(
rachelrobinson,rachel.robinson@example.com,Rachel,Robinson,G)MIEtAybl0$M!
eliwhite1280,elizabeth.white@example.com,Elizabeth,White,*Nm5dsHQq47Mo@
helen.hall,helen.hall@example.com,Helen,Hall,GI+^lnbSV55Xtw
paul_thompson212,paul.thompson@example.com,Paul,Thompson,(F2VWuH+UY&3aD
eric.lewis,eric.lewis@example.com,Eric,Lewis,4Pa7R6gEcHrIx!
betty.lee,betty.lee@example.com,Betty,Lee,Z(8hW_1HPrjD4M
suscampbell4650,susan.campbell@example.com,Susan,Campbell,*9fhEs72Dn%@fV
thomasharris3649,thomas.harris@example.com,Thomas,Harris,$&#9&@LyPYz%By
robortiz4681,robert.ortiz@example.com,Robert,Ortiz,Kr&YPqFtjVDUn4
linwilliams786,linda.williams@example.com,Linda,Williams,RnvzM0F4=Nz=QK
helenramos,helen.ramos@example.com,Helen,Ramos,$-Uu6@^irs3gUY
catherine_cook215,catherine.cook@example.com,Catherine,Cook,DvqHF3r-$WWyai
henry_kim921,henry.kim@example.com,Henry,Kim,g@RRAYY)i&NWx+
ryanthompson5372,ryan.thompson@example.com,Ryan,Thompson,x3R6oc@chZiumq
geoharris4135,george.harris@example.com,George,Harris,cei#B9Q(rv@9-E
josephdiaz1794,joseph.diaz@example.com,Joseph,Diaz,s5-&D)rFCFvkIN
richardwalker,richard.walker@example.com,Richard,Walker,UoE$NbiJk%%YFV
georgestewart3439,george.stewart@example.com,George,Stewart,jhnm8Yz%^b(ASt
thomaskelly,thomas.kelly@example.com,Thomas,Kelly,i5clJ#jH07Rpq7
janetmoore,janet.moore@example.com,Janet,Moore,@+KvzC6Ojl8F5Y
paulroberts,paul.roberts@example.com,Paul,Roberts,(=(c^n4qr92r7p
michelle.moore,michelle.moore@example.com,Michelle,Moore,RrO3LkF_g^YV2e
emily_lewis473,emily.lewis@example.com,Emily,Lewis,6jABv$MqOxKkZT
paul.turner,paul.turner@example.com,Paul,Turner,#aC43vLNMhE4Ca
jennifercampbell4814,jennifer.campbell@example.com,Jennifer,Campbell,y6vc(spsw((&%a
linda_lopez,linda.lopez@example.com,Linda,Lopez,x1!mdGBXR#+c&x
danielsanchez4798,daniel.sanchez@example.com,Daniel,Sanchez,ZrO@&6KsoC-8Pj
antmitchell8291,anthony.mitchell@example.com,Anthony,Mitchell,e96CAWp_(WSnyz
jennifer_lewis798,jennifer.lewis@example.com,Jennifer,Lewis,wH0Kx-naN)H3kb
melissagomez,melissa.gomez@example.com,Melissa,Gomez,_N7@Xtxl3lUAga
nicholas.thompson,nicholas.thompson@example.com,Nicholas,Thompson,U=I+uN&v%9(fMK
joshuaroberts497,joshua.roberts@example.com,Joshua,Roberts,TkHj*Bf&$6%fqK
emily_nelson426,emily.nelson@example.com,Emily,Nelson,B+60FcvI1@gRK%
maria.jones,maria.jones@example.com,Maria,Jones,VP(Ufo-wPGy$QF
eric_torres769,eric.torres@example.com,Eric,Torres,P@S2T@!h=mW(r&
carolcook1134,carol.cook@example.com,Carol,Cook,w@TsUiBTj3o3g4
ruth_thompson932,ruth.thompson@example.com,Ruth,Thompson,%uwfa(upFRe&E9
edwhall2387,edward.hall@example.com,Edward,Hall,E%pIi&ic(lSt4^
nicholas_collins54,nicholas.collins@example.com,Nicholas,Collins,cXyA%kLgZ7*69N
susantaylor6904,susan.taylor@example.com,Susan,Taylor,2S#zWPTrTnhWk7
justinwright8821,justin.wright@example.com,Justin,Wright,(Rdx10W5%KNV$9
markhoward7699,mark.howard@example.com,Mark,Howard,JOEzjB(R+2e9x5
georgedavis58,george.davis@example.com,George,Davis,Y%rPxJrnt_jUQ%
matthew_watson868,matthew.watson@example.com,Matthew,Watson,&kLHrWI-gmpC7g
peterrobinson,peter.robinson@example.com,Peter,Robinson,2pLgb(ywR)IVT-
deborahturner7643,deborah.turner@example.com,Deborah,Turner,2LgzG1uRRWqrvR
amandaharris,amanda.harris@example.com,Amanda,Harris,GU^EgVcw6ftdiq
anthonylewis7461,anthony.lewis@example.com,Anthony,Lewis,b%qvoY=Cz@xej8
racmitchell1632,rachel.mitchell@example.com,Rachel,Mitchell,1URehc#J_&9Ie9
jerrycox8724,jerry.cox@example.com,Jerry,Cox,OUE5H(Vqd0cw4b
ericollins6993,eric.collins@example.com,Eric,Collins,=U8&UQVL^P*O%J
juliecarter3234,julie.carter@example.com,Julie,Carter,xOm9JkMP+nHu&J
stephanie.smith,stephanie.smith@example.com,Stephanie,Smith,s0hf1l^Iur+AG8
david.rivera,david.rivera@example.com,David,Rivera,!o-5BPEQiL30DH
janetthompson,janet.thompson@example.com,Janet,Thompson,KCOkr9mMsh-Zk!
richard_young385,richard.young@example.com,Richard,Young,_LSZj(zW6!-@C2
petcampbell6543,peter.campbell@example.com,Peter,Campbell,LCq4#7%@Ma6^$K
jonathan_kelly,jonathan.kelly@example.com,Jonathan,Kelly,egdoNFz&ms#gA7
alexander.lopez,alexander.lopez@example.com,Alexander,Lopez,4wjjDeRvaIoyOj
carol.cook,carol.cook1@example.com,Carol,Cook,Y73zkLoEDKjrf2
edwdiaz6193,edward.diaz@example.com,Edward,Diaz,R-A@x6HXOQhYV=
andrew_king808,andrew.king@example.com,Andrew,King,oXfr&Fv9R=D9RH
brescott5623,brenda.scott@example.com,Brenda,Scott,-nIp+C^Eg-xDD1
elimorales8915,elizabeth.morales@example.com,Elizabeth,Morales,PrG*gQTFPa0GJV
sandra_cook592,sandra.cook@example.com,Sandra,Cook,Gpo29^(OvF_D8b
samjohnson7079,samuel.johnson@example.com,Samuel,Johnson,Sdt4jMq)(P0F1s
dorothywright1706,dorothy.wright@example.com,Dorothy,Wright,h8GbilwYuZIx&U
linda.adams,linda.adams@example.com,Linda,Adams,b2CLqiXTB=rA%X
heatherbailey556,heather.bailey@example.com,Heather,Bailey,2p!bCX(CmJ4Jx=
steven_adams678,steven.adams@example.com,Steven,Adams,c7mA8mdN^Q3yx)
jennifermoore3637,jennifer.moore@example.com,Jennifer,Moore,$qACq-QEFj$Lge
sandra_morales622,sandra.morales@example.com,Sandra,Morales,HvC519B*md9V-X
jessicagarcia4147,jessica.garcia@example.com,Jessica,Garcia,0xDF-tp#t0=LSj
sarah.howard,sarah.howard@example.com,Sarah,Howard,Ovq=p_K5A3^cl4
thojackson1196,thomas.jackson@example.com,Thomas,Jackson,c5hCpZh)HiE#vt
markim8620,maria.kim@example.com,Maria,Kim,ArCPE0$M=+rcwm
antramirez957,anthony.ramirez@example.com,Anthony,Ramirez,v#m0B@y&1hgdjV
stecook3104,stephanie.cook@example.com,Stephanie,Cook,g*Oy)t4ZSVbm%#
stephen.bailey,stephen.bailey@example.com,Stephen,Bailey,NsYRhBNMNP(9ae
robkelly1884,robert.kelly@example.com,Robert,Kelly,^Vk-r%jsQSgKB8
dianelewis9526,diane.lewis@example.com,Diane,Lewis,69@BisZm_tITl^
denevans4579,dennis.evans@example.com,Dennis,Evans,xt82$lfN1X!WO6
brianphillips2758,brian.phillips@example.com,Brian,Phillips,hhOzgZ9T0UIZ^&
amanda_smith241,amanda.smith@example.com,Amanda,Smith,+5)aetM&ZNlbE(
stecox8992,stephen.cox@example.com,Stephen,Cox,1I$%kfUz@g$VdJ
williamevans2301,william.evans@example.com,William,Evans,q5J4bM6N@=ja%v
janetwilson462,janet.wilson@example.com,Janet,Wilson,NZCBYmp4Po2z4z
lisrogers1729,lisa.rogers@example.com,Lisa,Rogers,c)DkHeoqLBCN*M
anna.nguyen,anna.nguyen@example.com,Anna,Nguyen,CAJ1e7&N)ic-QG
shawilliams4716,sharon.williams@example.com,Sharon,Williams,kxWxdcg@pIIc6c
ericruz349,eric.cruz@example.com,Eric,Cruz,yl2Kt$OPEPQMsY
rutnelson364,ruth.nelson@example.com,Ruth,Nelson,D_b*mZd0v&Xh8o
marialewis354,maria.lewis@example.com,Maria,Lewis,DEHZHQ7*C^Z10W
shicox2694,shirley.cox@example.com,Shirley,Cox,wdI6m-GI=-dfAp
rachel_lewis896,rachel.lewis@example.com,Rachel,Lewis,F!Hl@F1_n!vFwe
dorharris9843,dorothy.harris@example.com,Dorothy,Harris,ly+W(I@hU&@vK7
brian.martin,brian.martin@example.com,Brian,Martin,7IK66feD*izIwU
nicholas.nguyen,nicholas.nguyen@example.com,Nicholas,Nguyen,^UsgQ0M7J@mwJq
karen_rodriguez677,karen.rodriguez@example.com,Karen,Rodriguez,xfX0OlBzzVLsAk
stewilson1561,stephen.wilson@example.com,Stephen,Wilson,v5l-2Kh5f)@yLG
stevenramos9157,steven.ramos@example.com,Steven,Ramos,u7A5TtPWJVw*N1
elizabethstewart,elizabeth.stewart@example.com,Elizabeth,Stewart,jxNfK0E-=O%ot^
mark_white122,mark.white@example.com,Mark,White,0voe2wwRpW7mYi
cynnguyen4286,cynthia.nguyen@example.com,Cynthia,Nguyen,y8Ta*f&(oNcc=&
rachelthompson,rachel.thompson@example.com,Rachel,Thompson,-6e_-I@2a#5KA=
jacob_martinez,jacob.martinez@example.com,Jacob,Martinez,hyjy!beROV6(JC
aarwatson6325,aaron.watson@example.com,Aaron,Watson,lys$RXjX-RIEwN
edwmorgan6041,edward.morgan@example.com,Edward,Morgan,6b2gb@2jFcKoA0
robertmiller1413,robert.miller@example.com,Robert,Miller,9_MAR6^Wo(EV_+
stephen_smith657,stephen.smith@example.com,Stephen,Smith,x)vjSa+IzatLd@
steven.davis,steven.davis@example.com,Steven,Davis,in1b@&IioznQ*L
heather_kim661,heather.kim@example.com,Heather,Kim,BALnmD&z*83+nf
frank_rogers969,frank.rogers@example.com,Frank,Rogers,4^bWE4in@4+&wq
edward.rivera,edward.rivera@example.com,Edward,Rivera,Hm)p!@p8(bkQJT
brenda.diaz,brenda.diaz@example.com,Brenda,Diaz,v4mvLEuE5B1NoG
sandraking4173,sandra.king@example.com,Sandra,King,_5uN#QJ1sr72vM
racreed6358,rachel.reed@example.com,Rachel,Reed,-_k&HeLx5shqRp
karencox4294,karen.cox@example.com,Karen,Cox,U&6^@OlfaVx@46
patgonzalez5466,patricia.gonzalez@example.com,Patricia,Gonzalez,#-d2!M^O70i(OM
rachel_ward454,rachel.ward@example.com,Rachel,Ward,m^&LITO0j8(Sc!
danhill9963,daniel.hill@example.com,Daniel,Hill,jTfy(4Z1Wd*$qn
petjackson6480,peter.jackson@example.com,Peter,Jackson,95!08*mgL)&EEB
melcruz4796,melissa.cruz@example.com,Melissa,Cruz,bV5keNZ#W2fD+P
lincarter5525,linda.carter@example.com,Linda,Carter,HCKuu(cqMizqdZ
michelle_brooks284,michelle.brooks@example.com,Michelle,Brooks,X3FktH%_G-kb1=
andrewevans1261,andrew.evans@example.com,Andrew,Evans,E=!K_FrGltwexT
susananderson,susan.anderson@example.com,Susan,Anderson,u&vTc(XQ0rBoC5
tyljackson1721,tyler.jackson@example.com,Tyler,Jackson,7nAysfX)3E2WFX
gary_phillips714,gary.phillips@example.com,Gary,Phillips,AUbnTid3UxD71)
anthonybailey8275,anthony.bailey@example.com,Anthony,Bailey,78ImbSHH+CscNV
amagonzalez6129,amanda.gonzalez@example.com,Amanda,Gonzalez,-&QPk^)40R&eBn
stephenhoward4036,stephen.howard@example.com,Stephen,Howard,NW2cKHV-nyYzxV
amyreed5708,amy.reed@example.com,Amy,Reed,Y5UZ2L^PUK%B7q
john.moore,john.moore@example.com,John,Moore,Gq2mPm4)KXN3eL
olivia_cook,olivia.cook@example.com,Olivia,Cook,O8SRq+pkBe+nyg
jackwilson4783,jack.wilson@example.com,Jack,Wilson,EVr4qYifja(5RK
benjamingonzalez,benjamin.gonzalez@example.com,Benjamin,Gonzalez,(@vK9ld*G)N8hw
aaronsmith4128,aaron.smith@example.com,Aaron,Smith,(XB*Cq^L7nw_3e
ronpeterson4730,ronald.peterson@example.com,Ronald,Peterson,5b^+KrdiC$2FG3
donna_davis,donna.davis@example.com,Donna,Davis,Y7J7XfB%SI+-Zw
sandranguyen3095,sandra.nguyen@example.com,Sandra,Nguyen,4QhwgbqE&6PIIY
maria_thompson52,maria.thompson@example.com,Maria,Thompson,5w^a20RLs(bbhV
bettynelson6872,betty.nelson@example.com,Betty,Nelson,3Nj2u%UueW#Yji
mark_edwards,mark.edwards@example.com,Mark,Edwards,UR(4xyXHE6qTd+
kevin.harris,kevin.harris@example.com,Kevin,Harris,nSRwYmuETg#&Lj
carol_anderson99,carol.anderson@example.com,Carol,Anderson,hgNpnD@$8A@I4G
jamesthompson1394,james.thompson@example.com,James,Thompson,R!QS&af1DH1cz=
james_king675,james.king@example.com,James,King,cXGTE+BR@(naZa
timothy_bailey145,timothy.bailey@example.com,Timothy,Bailey,T*xEgYb9I)!p@Y
emmalewis3251,emma.lewis@example.com,Emma,Lewis,mlIOQHe!lutkhR
ronedwards9824,ronald.edwards@example.com,Ronald,Edwards,VSIsaB8*LHHYE0
elizabeth_garcia939,elizabeth.garcia@example.com,Elizabeth,Garcia,N@lrRundt)biKc
laura.ramirez,laura.ramirez@example.com,Laura,Ramirez,#euKo@cF%teiiY
joshuatorres,joshua.torres@example.com,Joshua,Torres,ssVOx#ECq7rTiQ
john_king25,john.king@example.com,John,King,BiZTAVq_VtOMw)
christineyoung,christine.young@example.com,Christine,Young,9Ks4RYveiKJ)w&
andrew_peterson826,andrew.peterson@example.com,Andrew,Peterson,8rh4OOWp-Yy1mT
elizabethmartin8254,elizabeth.martin@example.com,Elizabeth,Martin,!KBQKTPRS6sW7G
jacobmurphy3803,jacob.murphy@example.com,Jacob,Murphy,WNp=fehZMT9C7&
alexander_perez865,alexander.perez@example.com,Alexander,Perez,T(4v6Gy6X43sBK
steven_robinson504,steven.robinson@example.com,Steven,Robinson,-RU^5+FXN)H%J9
anthonykelly,anthony.kelly@example.com,Anthony,Kelly,&eLj&evezlw=MW
robroberts1407,robert.roberts@example.com,Robert,Roberts,yw462D!-%V0HHl
brian.garcia,brian.garcia@example.com,Brian,Garcia,@lvhqm_Ofkb4I2
ronald_thomas955,ronald.thomas@example.com,Ronald,Thomas,-siNy*I6!VtmWU
diane_roberts860,diane.roberts@example.com,Diane,Roberts,oz40GfMW&8TJH%
ronald_lewis56,ronald.lewis@example.com,Ronald,Lewis,76A=I7K$%BqE*P
emmahall1583,emma.hall@example.com,Emma,Hall,*aIr-$cqeg)n87
nicholasnelson,nicholas.nelson@example.com,Nicholas,Nelson,g5Vy+)_d_JB+5O
julie.wright,julie.wright1@example.com,Julie,Wright,*i4b75avZmVuL5
micreed487,michelle.reed@example.com,Michelle,Reed,8*7Qt3_Mk7B*LB
karperez8429,karen.perez@example.com,Karen,Perez,Q=lh+B(RF3j+Su
eric_phillips,eric.phillips@example.com,Eric,Phillips,T=9sptlmqEdWeM
donnathomas8591,donna.thomas@example.com,Donna,Thomas,jV$3GJqOOoPbNV
braanderson7804,brandon.anderson@example.com,Brandon,Anderson,2osxbT#_rn%htz
michellehernandez7880,michelle.hernandez@example.com,Michelle,Hernandez,^GaM6WnwT)9bhz
douglaslewis6927,douglas.lewis@example.com,Douglas,Lewis,N!-qdhJe9&L9RP
james_baker637,james.baker@example.com,James,Baker,&Lv6tNLiDE0ei7
kevmorales5429,kevin.morales@example.com,Kevin,Morales,=qz8zB5YCkSm-u
tylerward,tyler.ward@example.com,Tyler,Ward,)x+OT6Fv_JbNj1
ericmiller6682,eric.miller@example.com,Eric,Miller,xZzTx)DLZfz$l7
brianjackson1100,brian.jackson@example.com,Brian,Jackson,M6sUcYP03ju+38
sarahwright8428,sarah.wright@example.com,Sarah,Wright,6!+!%@O2x$=J=U
sandra_taylor442,sandra.taylor@example.com,Sandra,Taylor,*P69i!iAxdN6uZ
emma_harris619,emma.harris@example.com,Emma,Harris,qr_iVw)5@soTD(
susanhall9974,susan.hall@example.com,Susan,Hall,W&*1Qkc8V!93mb
chrwright3749,christopher.wright@example.com,Christopher,Wright,#(=Y!bHfMXM$of
emmkim5062,emma.kim@example.com,Emma,Kim,U9N3h#@8G+UnN#
david_murphy768,david.murphy@example.com,David,Murphy,AKvEfV51J$%Mi9
alexander_taylor751,alexander.taylor@example.com,Alexander,Taylor,SR$e^$_nc$Lmgd
douglas_ortiz124,douglas.ortiz@example.com,Douglas,Ortiz,iJOeUMwqtXwUe%
jennifer.smith,jennifer.smith@example.com,Jennifer,Smith,gS!raKh*1Y9AR!
catherinesanchez9693,catherine.sanchez@example.com,Catherine,Sanchez,xY_lqbgCFuYxHg
alexanderanderson836,alexander.anderson@example.com,Alexander,Anderson,rFdef&)p!R)^Md
julie.williams,julie.williams@example.com,Julie,Williams,e^7$BrWT%GL+r%
stephanie_ramos,stephanie.ramos@example.com,Stephanie,Ramos,H4p#))#)%s_ZZ9
stephen.clark,stephen.clark@example.com,Stephen,Clark,c8UJ7LO#s7bo_o
franksanchez7923,frank.sanchez@example.com,Frank,Sanchez,Vmt^v3GxObvpxV
stekelly4115,stephanie.kelly@example.com,Stephanie,Kelly,!lHuSd8mRsaGU@
janlee5416,janet.lee@example.com,Janet,Lee,_wDNAJEmnr$H@m
bentorres1438,benjamin.torres@example.com,Benjamin,Torres,!RGAan2(Uv7HP8
patriciagonzalez,patricia.gonzalez1@example.com,Patricia,Gonzalez,k48NbBcC2l9BXF
catherineking4457,catherine.king@example.com,Catherine,King,QikW4uwr)Jz=$l
rebecca.wilson,rebecca.wilson@example.com,Rebecca,Wilson,3^#WTg=yCb-^8c
ryan_peterson,ryan.peterson@example.com,Ryan,Peterson,WSKxFP4qExvdFB
chawilliams7862,charles.williams@example.com,Charles,Williams,cjCHBf&rfqus11
joyceramirez6933,joyce.ramirez@example.com,Joyce,Ramirez,y+zXrc^+!sK+_A
geocampbell1836,george.campbell@example.com,George,Campbell,0g_u!bdck!pjRY
ronald_brooks252,ronald.brooks@example.com,Ronald,Brooks,CLYlsRm#IHkQc-
gregorymitchell6661,gregory.mitchell@example.com,Gregory,Mitchell,Ymuc_R@ci9R*hE
frank_ramos745,frank.ramos@example.com,Frank,Ramos,GRY29^U@v!-pTT
patrickwalker,patrick.walker@example.com,Patrick,Walker,RX=9#OaQ6^9ctb
jerry_walker241,jerry.walker@example.com,Jerry,Walker,i2^LpbtAgIOY1N
brajohnson6382,brandon.johnson@example.com,Brandon,Johnson,XAhhnUe9EGI*F4
jammitchell6025,james.mitchell@example.com,James,Mitchell,B&#VJ7yKQ^__%M
dorothy_edwards242,dorothy.edwards1@example.com,Dorothy,Edwards,vlM2FbajQ@ts%=
dounelson1666,douglas.nelson@example.com,Douglas,Nelson,XXYj9+f1RwjE4e
christinejones8194,christine.jones@example.com,Christine,Jones,7T-Rd7F$t1koAt
michelle.nelson,michelle.nelson@example.com,Michelle,Nelson,f&z5^eq!G!M8K3
eric_wright990,eric.wright@example.com,Eric,Wright,Ltp*)CFA1goC!Z
amyortiz6989,amy.ortiz@example.com,Amy,Ortiz,)d*YWiGv$)TqtS
annaward,anna.ward@example.com,Anna,Ward,4CYJ$ENu!V+=k!
christophergarcia6697,christopher.garcia@example.com,Christopher,Garcia,tAOez*j0Dinn8D
jackevans,jack.evans@example.com,Jack,Evans,WOq^UGVD79WjhC
maria_green127,maria.green@example.com,Maria,Green,tPyp=_qMaA^rx-
danadams214,daniel.adams@example.com,Daniel,Adams,YKDDmi@OrSB$g3
ericbrown5929,eric.brown@example.com,Eric,Brown,&FH&A#Tqa_sr65
sarah.martinez,sarah.martinez@example.com,Sarah,Martinez,d*GF_aURLC#2$%
antking4628,anthony.king@example.com,Anthony,King,t57AD6_+-=I+hu
dorothy_lee751,dorothy.lee@example.com,Dorothy,Lee,C#Ns6LV&3acLW7
anthony_kelly,anthony.kelly1@example.com,Anthony,Kelly,+xIa4Apm_m%)tv
daniel_brown77,daniel.brown@example.com,Daniel,Brown,J5B9p)wa!P&hL&
marperez8470,mark.perez@example.com,Mark,Perez,QutMAHIY7j&!6n
emmakim,emma.kim1@example.com,Emma,Kim,$_rm9%I+-!kF_a
amayoung378,amanda.young@example.com,Amanda,Young,MTcla^+G3J8Q)j
melking1340,melissa.king@example.com,Melissa,King,d+tBYe8U+aY2Y+
amanda.green,amanda.green@example.com,Amanda,Green,g96NPT!^j!6J#P
dorothy_green306,dorothy.green@example.com,Dorothy,Green,P&+-k$f8KdKOTG
stephenthomas,stephen.thomas@example.com,Stephen,Thomas,u+z-rDGA1$+FlA
geoadams4677,george.adams@example.com,George,Adams,+p2DQ4CGcA$uRb
ruth_cook593,ruth.cook@example.com,Ruth,Cook,zJA5Qv=)T777f-
andrew.robinson,andrew.robinson@example.com,Andrew,Robinson,(A!L11f(KglHTs
james_rogers561,james.rogers@example.com,James,Rogers,Oaa%rbD#V+8mQa
stethompson3373,steven.thompson@example.com,Steven,Thompson,AXRutsye7P9V8Z
patriciaclark,patricia.clark@example.com,Patricia,Clark,LvJROZX!Ij9xf4
stephanie.cruz,stephanie.cruz@example.com,Stephanie,Cruz,0o8OOxr(SK*olf
thomasrobinson5539,thomas.robinson@example.com,Thomas,Robinson,AO=Bl#j+qhcaxa
melissadiaz9204,melissa.diaz@example.com,Melissa,Diaz,g+Z9Qkk5PARDC8
michael.perez,michael.perez@example.com,Michael,Perez,bel5i(Gn4hWyln
dorgutierrez7995,dorothy.gutierrez@example.com,Dorothy,Gutierrez,)on*C^oWKcX3+U
samrobinson8793,samantha.robinson@example.com,Samantha,Robinson,k4*8hEFKkiN7Po
stegarcia9480,stephen.garcia@example.com,Stephen,Garcia,x*YKw_+iwF02gD
stepeterson9660,stephanie.peterson@example.com,Stephanie,Peterson,jxMc_uWfkRZ_Q5
steven.cook,steven.cook@example.com,Steven,Cook,4anDlt&GNr@gYW
amy_morales136,amy.morales@example.com,Amy,Morales,hsjrx=XsNo-lNH
gregory_sanchez884,gregory.sanchez@example.com,Gregory,Sanchez,GQnwmkZxT_H0!7
heatherphillips870,heather.phillips@example.com,Heather,Phillips,euBx3-jxNM7n7Q
emmaphillips7552,emma.phillips@example.com,Emma,Phillips,aFf)skz-H8LWyy
marparker9721,mark.parker@example.com,Mark,Parker,UTZr7^XYNs=ZrR
joycecruz5191,joyce.cruz@example.com,Joyce,Cruz,KfwsZX#u_i+cp2
patphillips9604,patricia.phillips@example.com,Patricia,Phillips,XdBa^%ilit%lS7
joyce_rivera953,joyce.rivera@example.com,Joyce,Rivera,#jXtQQWoGmHdL(
garsanchez5043,gary.sanchez@example.com,Gary,Sanchez,%I5OQbVPEdJkTT
garymartinez8925,gary.martinez@example.com,Gary,Martinez,r6g=I^*tEAQSQh
samanthawatson5355,samantha.watson@example.com,Samantha,Watson,MF$ChG)7jpnK77
richard_miller,richard.miller@example.com,Richard,Miller,bG@zg_nHrMMW&m
james_evans824,james.evans@example.com,James,Evans,B+3SyUbp8^Kd(q
willee4365,william.lee@example.com,William,Lee,y@OoIB+klmU9^Y
julrogers6714,julie.rogers@example.com,Julie,Rogers,EGadE(&95P^qbp
jacflores5161,jack.flores@example.com,Jack,Flores,nX9Z^9JU3q@6LM
henryhoward2704,henry.howard@example.com,Henry,Howard,a8R==lV_o$OW+c
matthewmiller,matthew.miller@example.com,Matthew,Miller,7uz6wrcaFiBxy+
andclark1792,andrew.clark@example.com,Andrew,Clark,SiE*)#KG5=8+iO
cynthiahoward4523,cynthia.howard@example.com,Cynthia,Howard,0HhNkrpEaJ94g4
patriciacruz4445,patricia.cruz@example.com,Patricia,Cruz,O7=OE4gs6C5HPS
frank_reed,frank.reed@example.com,Frank,Reed,qZ07_TlJttg^_%
benjamin.kim,benjamin.kim@example.com,Benjamin,Kim,!!-fBbP_*=r)Qv
christopher_robinson,christopher.robinson@example.com,Christopher,Robinson,dSZE6Pa63MaJ!L
stephenmitchell8201,stephen.mitchell@example.com,Stephen,Mitchell,InG1EFnS_b_Abn
markelly2352,mary.kelly@example.com,Mary,Kelly,-E!em0@@6(w+hh
joshua_flores,joshua.flores@example.com,Joshua,Flores,s@SmSGmJF_C+-v
joshua_king780,joshua.king@example.com,Joshua,King,zKTz&f1lv#A^XA
bendiaz6074,benjamin.diaz@example.com,Benjamin,Diaz,R$@S5Xp=zZ%lvq
caroladams118,carol.adams@example.com,Carol,Adams,qPgm%u%^#(LgBY
jonathan_flores16,jonathan.flores@example.com,Jonathan,Flores,MUaoseEMCc&24D
dorothycampbell9043,dorothy.campbell@example.com,Dorothy,Campbell,)WRk%TJciV3_I3
jackallen5996,jack.allen@example.com,Jack,Allen,Jg_axbt9vGxjCJ
mark.martin,mark.martin@example.com,Mark,Martin,C1o*%E2ZFSrw29
jackadams,jack.adams@example.com,Jack,Adams,zHf+=&#Xmp_P=c
liswhite1311,lisa.white@example.com,Lisa,White,xNVdqy%6#e5YjG
scottkelly4919,scott.kelly@example.com,Scott,Kelly,H-Gv)pCbuPZoNT
jerstewart4265,jerry.stewart@example.com,Jerry,Stewart,yD*)GXW98NEE1*
brandonwalker4715,brandon.walker@example.com,Brandon,Walker,_2!LeN2LY_m!ef
henryramos6170,henry.ramos@example.com,Henry,Ramos,TEJm1vV@10%n@8
racbailey2548,rachel.bailey@example.com,Rachel,Bailey,53!g@RQC*TD(5K
carol_moore490,carol.moore@example.com,Carol,Moore,MrRzDvVa5^kz06
lisa_collins272,lisa.collins@example.com,Lisa,Collins,hX04$RdByoon4I
joseph_martin,joseph.martin@example.com,Joseph,Martin,97^L1c(5u-yc)t
jamparker4001,james.parker1@example.com,James,Parker,iulOCA^Yd*U!5y
amydavis8586,amy.davis@example.com,Amy,Davis,Q+f#9m^(o_+ysH
nancy_reed,nancy.reed@example.com,Nancy,Reed,iZLy3%O&-WkD&P
kevinkim9211,kevin.kim@example.com,Kevin,Kim,by(R#pbvgs%o*U
benjamin_gonzalez,benjamin.gonzalez1@example.com,Benjamin,Gonzalez,oAj!aR!-nPS*f+
dianejones2032,diane.jones@example.com,Diane,Jones,#L1nsdfbQCv7ia
christine_wilson46,christine.wilson@example.com,Christine,Wilson,0HR2iQYRYlnUx+
stegomez3588,stephanie.gomez@example.com,Stephanie,Gomez,XWPljA*=F8__RT
charleslewis6139,charles.lewis@example.com,Charles,Lewis,@%majG%Dmp0k2v
charoberts6477,charles.roberts@example.com,Charles,Roberts,LWwQXV*Iw*P-y$
jack_bailey353,jack.bailey@example.com,Jack,Bailey,s=c2(DeizS179P
karencox9686,karen.cox1@example.com,Karen,Cox,A+t9eK&U6!MCRm
david_murphy217,david.murphy1@example.com,David,Murphy,=pU5hFb@D$fbLO
aleking7259,alexander.king@example.com,Alexander,King,qeOaFbZ9yqP@Dg
elizabeth_harris326,elizabeth.harris@example.com,Elizabeth,Harris,PL@Q7d4aG+oMm!
nanking2210,nancy.king@example.com,Nancy,King,4j&mfN!3guJNN0
ashleyadams8487,ashley.adams@example.com,Ashley,Adams,9e+L41C#N85P!M
anna_hall791,anna.hall@example.com,Anna,Hall,-KE)$OxEe3L5@G
helenstewart,helen.stewart@example.com,Helen,Stewart,zH-DPa)LK_wgC9
anthony.rivera,anthony.rivera@example.com,Anthony,Rivera,AxG5P2!u)op_^W
markanderson8407,mark.anderson@example.com,Mark,Anderson,D&XJvFQ(YZUG85
oliward8754,olivia.ward@example.com,Olivia,Ward,+f41f+UTSyX_Ff
patricia_clark630,patricia.clark1@example.com,Patricia,Clark,w47hkboRhf&JK6
alexander_lopez154,alexander.lopez1@example.com,Alexander,Lopez,7fO6(f6^LCA_My
jerry.collins,jerry.collins@example.com,Jerry,Collins,$Eb65Po9eI@uQ_
rachelramos,rachel.ramos@example.com,Rachel,Ramos,u0s0Umx30GnKsX
robward2944,robert.ward@example.com,Robert,Ward,47SE6be)KL0oIz
mariajackson,maria.jackson@example.com,Maria,Jackson,@UxETHxGjP*%Cm
annortiz5628,anna.ortiz@example.com,Anna,Ortiz,R)2mZ^@ad6=M$9
justin_cox162,justin.cox@example.com,Justin,Cox,B_MmN1aG2K@+Ry
amanda_edwards148,amanda.edwards@example.com,Amanda,Edwards,NhADJkf@8GzReq
kathleencox5084,kathleen.cox@example.com,Kathleen,Cox,IEOx4UpWdO4=^d
kevinhill5768,kevin.hill@example.com,Kevin,Hill,=py1aWedXvyZMu
stephen.baker,stephen.baker@example.com,Stephen,Baker,Z7B($t9g9*(WeK
betty_martinez720,betty.martinez@example.com,Betty,Martinez,zv%lf8UlXJ5u8#
micmorales4614,michelle.morales@example.com,Michelle,Morales,Z+kq$A4_**$6=h
linanderson457,linda.anderson@example.com,Linda,Anderson,^BY2=F-vk6A!ns
sargonzalez3048,sarah.gonzalez@example.com,Sarah,Gonzalez,2B8h5dWg6PPbgR
justinpeterson9945,justin.peterson@example.com,Justin,Peterson,MLoxc$2A%Qu##o
denthomas9948,dennis.thomas@example.com,Dennis,Thomas,PBJyxNAA)pu&1v
nanwatson8665,nancy.watson@example.com,Nancy,Watson,G5fYmqIlHZ4dHE
justinjones1101,justin.jones@example.com,Justin,Jones,Xmp-8*(4GNizQ3
peter.edwards,peter.edwards@example.com,Peter,Edwards,c(OIz9$k1WXsh7
shirley_moore,shirley.moore@example.com,Shirley,Moore,QpUXYNi3l6754m
catherinemoore8688,catherine.moore@example.com,Catherine,Moore,ebr5e2B36ELK)T
nicolebrooks9865,nicole.brooks@example.com,Nicole,Brooks,Ne&48(^Wa0A8)i
amylopez2021,amy.lopez@example.com,Amy,Lopez,OrDx%i!UR^pS*M
christopher_sanchez946,christopher.sanchez@example.com,Christopher,Sanchez,dTSaQYU&nvVuH&
amandadavis7829,amanda.davis@example.com,Amanda,Davis,MU$sCZYRNo45Hk
andrew_lopez663,andrew.lopez@example.com,Andrew,Lopez,R+P#MHGCYQ8Bom
jerry_clark,jerry.clark@example.com,Jerry,Clark,iUmcDMPnuCZZ-v
lisakim635,lisa.kim@example.com,Lisa,Kim,JyU+wg@!%cY%c#
sarah_cruz670,sarah.cruz@example.com,Sarah,Cruz,*5L)*S&0*GCc9#
shilopez3089,shirley.lopez@example.com,Shirley,Lopez,_Jk*JvcunMd7_H
jason_harris116,jason.harris@example.com,Jason,Harris,DdT!bK_kNUld0G
christine_hall187,christine.hall@example.com,Christine,Hall,UgZJj1H+Tsf-px
david_roberts423,david.roberts@example.com,David,Roberts,UfMa2ly3_+@GEI
sharonpeterson268,sharon.peterson@example.com,Sharon,Peterson,aWb5AfyTlFgs2K
scott_gutierrez,scott.gutierrez@example.com,Scott,Gutierrez,mc=2MhlDj8es8x
helengreen6217,helen.green@example.com,Helen,Green,LdsAF_$$u7Pqig
cynmurphy5942,cynthia.murphy@example.com,Cynthia,Murphy,YQ@WT=Ifq$orll
garcooper2061,gary.cooper@example.com,Gary,Cooper,nvW6OjQlJU*bAl
jonbailey3062,jonathan.bailey@example.com,Jonathan,Bailey,OW(Ml9R&U0WrKc
michelle.howard,michelle.howard@example.com,Michelle,Howard,cbCQcZVb#0GW2g
dentorres374,dennis.torres@example.com,Dennis,Torres,!s5#kMufF$7RfR
ronaldbailey7665,ronald.bailey@example.com,Ronald,Bailey,GZk64_%axP7U*&
scottjones9032,scott.jones@example.com,Scott,Jones,2V5#C1SqL(mZ((
cynthialewis2021,cynthia.lewis@example.com,Cynthia,Lewis,IGhFMWqHPD)GM3
stethomas6232,stephen.thomas1@example.com,Stephen,Thomas,czD%lSDv3g8Zmi
lislopez3204,lisa.lopez@example.com,Lisa,Lopez,f!%e$WpFInta=a
ryandavis3419,ryan.davis@example.com,Ryan,Davis,tO9wS93!+l_f5V
sharonbrown9638,sharon.brown@example.com,Sharon,Brown,59Lu-7%Ix5$(9y
petanderson3487,peter.anderson@example.com,Peter,Anderson,gu-cQ&UG^fhNc&
rutcampbell3107,ruth.campbell@example.com,Ruth,Campbell,kVJZmj_YjSzx_f
carwhite5615,carolyn.white1@example.com,Carolyn,White,nJ*i7^I&SZHdT4
paulcook7165,paul.cook@example.com,Paul,Cook,W2a=_-8Uq29X*o
georgeperez7098,george.perez@example.com,George,Perez,ocS4sxjK5SQo$I
alexanderkim776,alexander.kim@example.com,Alexander,Kim,y6E-8JOqWP#hO%
janetgreen,janet.green@example.com,Janet,Green,OHL!sq$!OU!Jkr
danielgarcia,daniel.garcia@example.com,Daniel,Garcia,Ii0r8ecIpO3IPW
samuel.martin,samuel.martin@example.com,Samuel,Martin,o8Q#w)%g*aC*Gf
tyler_kim733,tyler.kim@example.com,Tyler,Kim,NW^(DW^^GE6EiX
jonmiller2281,jonathan.miller@example.com,Jonathan,Miller,vi4A#mXB)8X&26
denwatson2639,dennis.watson@example.com,Dennis,Watson,Qm2x=HwvDtwneW
jasharris4917,jason.harris1@example.com,Jason,Harris,(Ip_W7_t05wh3=
aarbrown4481,aaron.brown@example.com,Aaron,Brown,XXaEF_apMEjgIj
jasonlopez9458,jason.lopez@example.com,Jason,Lopez,cGnr7Ru5d!majP
kevinjones,kevin.jones@example.com,Kevin,Jones,lA8(mRn#2QTRDF
karenwalker9214,karen.walker@example.com,Karen,Walker,t#C)ew4g0(TioS
rutwilliams8553,ruth.williams@example.com,Ruth,Williams,IJwU@GW+FS5Kkk
amymoore1991,amy.moore@example.com,Amy,Moore,PAX4K-5rj!yW9b
amandaanderson4508,amanda.anderson@example.com,Amanda,Anderson,)M#ICLT9To23AD
donramos6135,donna.ramos@example.com,Donna,Ramos,JnR#4w7iYm*=F!
ashley_lewis,ashley.lewis@example.com,Ashley,Lewis,6on+aYoYaOX+ff
gregorymorales5851,gregory.morales@example.com,Gregory,Morales,7=+@n-HtHSbh_0
donnamorris4737,donna.morris@example.com,Donna,Morris,#eAx$Mj#TCVrjk
david_mitchell,david.mitchell@example.com,David,Mitchell,j9%Vg7Od=dWpy!
steven_phillips,steven.phillips@example.com,Steven,Phillips,v5t$qO@88y5ZA!
marwhite3192,mark.white1@example.com,Mark,White,abe$85QzaWXkm_
donnaanderson6592,donna.anderson@example.com,Donna,Anderson,%x#qUWoSl$JGWx
jessicadavis283,jessica.davis@example.com,Jessica,Davis,Krod53UzRP!8tV
thomas_jackson608,thomas.jackson1@example.com,Thomas,Jackson,1t^u*&@Sb7YN6(
jessica.robinson,jessica.robinson@example.com,Jessica,Robinson,+Z0=EQk0FfDFm)
anthonyhoward6933,anthony.howard@example.com,Anthony,Howard,&0WZA7%tMaFqX)
heather_kim803,heather.kim1@example.com,Heather,Kim,f%c6JBUWIGYQYD
patriciaramos5553,patricia.ramos@example.com,Patricia,Ramos,4dd=FWgPraoA6j
edward_carter900,edward.carter@example.com,Edward,Carter,A9Few4+vQZjqYt
katherine_morris672,katherine.morris@example.com,Katherine,Morris,j@QiFzFqLF4S&c
jonathan_rogers129,jonathan.rogers@example.com,Jonathan,Rogers,7VSQLt)0eIDlw(
elizabethlopez9707,elizabeth.lopez@example.com,Elizabeth,Lopez,7Mvjax7snbI&dN
robert_reed,robert.reed@example.com,Robert,Reed,q-sFEC1QXh-NSs
josephlewis565,joseph.lewis@example.com,Joseph,Lewis,!ExVXuKj$dOR2E
paul_garcia150,paul.garcia@example.com,Paul,Garcia,F--H#y(jO)*)RU
shirleycampbell17,shirley.campbell@example.com,Shirley,Campbell,23b^)MJ=qpk&lc
denturner1959,dennis.turner@example.com,Dennis,Turner,dLSeE&jCKQRFwp
peter_martin,peter.martin@example.com,Peter,Martin,r$J9cfj3Lty@)v
roncox7937,ronald.cox@example.com,Ronald,Cox,thF-PjxCHeF6%6
cynthiakelly5690,cynthia.kelly@example.com,Cynthia,Kelly,Sii)IuzCa%8c$_
jamsmith626,james.smith@example.com,James,Smith,4)9F3Q3D-Bpw*6
lisawhite6299,lisa.white1@example.com,Lisa,White,Ygm4i4#6lFVLsf
jonathanmitchell8715,jonathan.mitchell1@example.com,Jonathan,Mitchell,CBc%#&*$T+o8L6
miclopez2299,michael.lopez@example.com,Michael,Lopez,#Mmrf9*FQq^k-o
karenphillips9764,karen.phillips@example.com,Karen,Phillips,_T@pPa0w@u!zW^
edward_smith,edward.smith@example.com,Edward,Smith,5wcsMS&QLCRqm3
melissahall6699,melissa.hall@example.com,Melissa,Hall,vHTp4xWuR7c3^d
jeswilson6723,jessica.wilson@example.com,Jessica,Wilson,2%30SW9(-vBTyM
heagonzalez2095,heather.gonzalez@example.com,Heather,Gonzalez,7JWxYbNe7vf5lh
jonmorris8932,jonathan.morris@example.com,Jonathan,Morris,93IgtYYbmr1n46
matthew_watson314,matthew.watson1@example.com,Matthew,Watson,+Dg@zeGEq53M^^
melissagarcia366,melissa.garcia@example.com,Melissa,Garcia,_GW)QIGGCznwgE
emilystewart,emily.stewart@example.com,Emily,Stewart,^Yo9MB7QgBvyKU
brianmurphy8870,brian.murphy@example.com,Brian,Murphy,AWXC9Qm*y80b0G
amandaramirez,amanda.ramirez@example.com,Amanda,Ramirez,YaJczOqTvLsg6(
marnelson2163,mary.nelson@example.com,Mary,Nelson,k5WU5FuIDAyVRu
deborah_cox99,deborah.cox@example.com,Deborah,Cox,sYkY@wn8=tyP-7
steven_robinson901,steven.robinson1@example.com,Steven,Robinson,GO^U0mm=1VcDkY
katrogers992,kathleen.rogers@example.com,Kathleen,Rogers,HEyzV0u_iDt4@j
timcruz234,timothy.cruz@example.com,Timothy,Cruz,F-8oEebrKjIx0_
anthonygonzalez,anthony.gonzalez@example.com,Anthony,Gonzalez,%L*uqbHF7ON$Qg
amy_johnson259,amy.johnson@example.com,Amy,Johnson,cBis@G+nnwkZXR
frank_green,frank.green@example.com,Frank,Green,1O@kZ*0YK@WsPq
mark_kelly194,mark.kelly@example.com,Mark,Kelly,$z&)G9V7h=g%cV
janetscott6974,janet.scott@example.com,Janet,Scott,EZ4WF5@1x&og6L
kathleen.nguyen,kathleen.nguyen@example.com,Kathleen,Nguyen,$gsrdhU1Tkji7S
michelleallen,michelle.allen@example.com,Michelle,Allen,K)2n4$mGnuDZLG
matthewadams,matthew.adams@example.com,Matthew,Adams,0vNDQ_U#(p%qDb
dangreen988,daniel.green@example.com,Daniel,Green,bS(KS^TfI8rsiV
olicook7772,olivia.cook1@example.com,Olivia,Cook,+(Nfn4zlT7l-DF
dansanchez4565,daniel.sanchez1@example.com,Daniel,Sanchez,WUiA9odlcU_JHN
timpeterson9375,timothy.peterson@example.com,Timothy,Peterson,Qw84VO_eVQx5W^
amy_lopez148,amy.lopez1@example.com,Amy,Lopez,zsuxtB%e!mBraQ
jamesking,james.king1@example.com,James,King,QlsfVIAx+vT76k
bettymurphy8076,betty.murphy@example.com,Betty,Murphy,$j^lF0qc&BvvRP
amy.gomez,amy.gomez@example.com,Amy,Gomez,f6n)DbCxFElasK
helen_wilson409,helen.wilson@example.com,Helen,Wilson,4u9ojvfv)aAUGU
helbrown621,helen.brown@example.com,Helen,Brown,&TD^xSvGeOc+#v
alexandermiller5735,alexander.miller@example.com,Alexander,Miller,h(Y^dzR#HX+$#I
jerthompson8176,jerry.thompson@example.com,Jerry,Thompson,3-#zg+UOmv&m=t
pamela_wright,pamela.wright@example.com,Pamela,Wright,E=IMZvb0E^CTnM
katbrooks5433,kathleen.brooks@example.com,Kathleen,Brooks,iYH*Z5Y+w8Ee8^
rachelpeterson,rachel.peterson@example.com,Rachel,Peterson,ghCIKYMzMH7ZbZ
janet_hill,janet.hill@example.com,Janet,Hill,OSbAL82fO7*15Y
julie_roberts,julie.roberts@example.com,Julie,Roberts,aH5nBY%Y5G@=X0
kathleenbailey,kathleen.bailey@example.com,Kathleen,Bailey,YfVoxmF4Tt=^sO
catherine.murphy,catherine.murphy@example.com,Catherine,Murphy,)NnlyjQwQ&uxOF
antwilliams394,anthony.williams@example.com,Anthony,Williams,G*^BXf+6Tla8Lc
geothompson9259,george.thompson@example.com,George,Thompson,V1!fgO_y1)Dh%Z
cyndiaz3787,cynthia.diaz@example.com,Cynthia,Diaz,W1DosD2RxhqJsh
annacollins,anna.collins@example.com,Anna,Collins,e)KSw+o$&dBVWl
jason_martinez496,jason.martinez@example.com,Jason,Martinez,^_0P%jB+NEBC70
stephen_young946,stephen.young@example.com,Stephen,Young,#aw@)%rN*q8DE#
jack_murphy,jack.murphy@example.com,Jack,Murphy,f4=+Js&KhJvbr^
tylerclark6217,tyler.clark@example.com,Tyler,Clark,9COj0u-Ve%GHeg
pamtaylor4427,pamela.taylor@example.com,Pamela,Taylor,FLaU%uSUku7dnC
alexander_ward,alexander.ward@example.com,Alexander,Ward,dxtTzku43LaDZW
ronmurphy6079,ronald.murphy@example.com,Ronald,Murphy,bD1npf291Gf(CQ
ruth_garcia527,ruth.garcia@example.com,Ruth,Garcia,ViEgV@jYdVH5z6
stecollins7590,steven.collins@example.com,Steven,Collins,64QFAh0AYn-cUs
scott_thompson622,scott.thompson@example.com,Scott,Thompson,r5!I6rf3=jJ&Z#
jasjackson3751,jason.jackson@example.com,Jason,Jackson,!S+KjWMLdAuyua
jacobthomas,jacob.thomas@example.com,Jacob,Thomas,VzL9XQb(uv-rrs
jonathan_brown952,jonathan.brown@example.com,Jonathan,Brown,pQ9Y-wbvWH#wQ5
betbrooks9488,betty.brooks@example.com,Betty,Brooks,kJT+lSMFp&HaqH
elizabeth_brooks,elizabeth.brooks@example.com,Elizabeth,Brooks,Paybog6TK1X2Nv
douwilliams9487,douglas.williams@example.com,Douglas,Williams,wfc_C(uaXO7_2o
betscott2078,betty.scott@example.com,Betty,Scott,8U)Ou#8vN=Rh2e
anthony_davis761,anthony.davis@example.com,Anthony,Davis,Et*pd!7f4Q^in)
andrewtaylor,andrew.taylor@example.com,Andrew,Taylor,5x3unF$_o%BMS+
jonathan.rogers,jonathan.rogers1@example.com,Jonathan,Rogers,zL(WeDwr7MfV#Q
juliemoore,julie.moore@example.com,Julie,Moore,4b6U2Hq0IN@!rl
amanda_perez705,amanda.perez@example.com,Amanda,Perez,^UKl!slqUE$8j$
marystewart9161,mary.stewart@example.com,Mary,Stewart,Y+u2u4hIb^TeH4
dormartin1616,dorothy.martin@example.com,Dorothy,Martin,L+L6V9NmuCbN+=
sandra_ramirez258,sandra.ramirez@example.com,Sandra,Ramirez,sEc%Z(HI0axQPp
janetcox4302,janet.cox@example.com,Janet,Cox,Ak*&XOFX(@%EhR
lismorris9413,lisa.morris@example.com,Lisa,Morris,SfwrqJ&R=ETzJ8
jessica_davis765,jessica.davis1@example.com,Jessica,Davis,Ta&KpwI!m5TCYD
nicjackson7529,nicole.jackson@example.com,Nicole,Jackson,5!5mH#C9QTHc_f
karmurphy987,karen.murphy@example.com,Karen,Murphy,No(qO1dG9mweWP
brandon_turner,brandon.turner@example.com,Brandon,Turner,cVE4u((XfF-xTx
kathleenjackson284,kathleen.jackson@example.com,Kathleen,Jackson,M=3!lIsRx6a0b^
ronald.edwards,ronald.edwards1@example.com,Ronald,Edwards,n(LX9OIId0Z_r@
rutlee2864,ruth.lee@example.com,Ruth,Lee,IYjtfvjHYV_Ddz
samuelclark7779,samuel.clark@example.com,Samuel,Clark,mMhrmb6WF)7FER
garydavis,gary.davis@example.com,Gary,Davis,bJh@DQcyw(dG$7
david_martin90,david.martin@example.com,David,Martin,pDOY@b8LSGDN7)
sarclark1309,sarah.clark@example.com,Sarah,Clark,7Sv(XsgwqZz1bp
joshua.collins,joshua.collins@example.com,Joshua,Collins,o*jaBTe)JU)%_Q
paubrooks1338,paul.brooks@example.com,Paul,Brooks,T!syu4mp5@OBO!
chrward6204,christopher.ward@example.com,Christopher,Ward,B-Ep_yVE--wp^M
mariahernandez2514,maria.hernandez@example.com,Maria,Hernandez,P!Os+eh4r4G=vh
ericlewis6464,eric.lewis1@example.com,Eric,Lewis,Bl5Osr+NasS&Mh
william_torres,william.torres@example.com,William,Torres,hz&bLVXcQ-$L08
charles.gutierrez,charles.gutierrez@example.com,Charles,Gutierrez,T-A3!valp87Z63
matthewwilliams2678,matthew.williams@example.com,Matthew,Williams,_KAg*kfjhAOCD7
helen_lopez,helen.lopez@example.com,Helen,Lopez,)=5cU3$=H7-F0%
stevenkelly9237,steven.kelly@example.com,Steven,Kelly,ua!UWWZ6XZs)z3
jasgonzalez8092,jason.gonzalez@example.com,Jason,Gonzalez,K@!pe@4u4-KUAg
catturner7032,catherine.turner@example.com,Catherine,Turner,Z+Umz7bI7K*xOM
samuel_sanchez741,samuel.sanchez@example.com,Samuel,Sanchez,Zqz*@s3eEjnhvt
james_gutierrez504,james.gutierrez@example.com,James,Gutierrez,JI!1^dqxwDkD2p
carolyn_brown38,carolyn.brown@example.com,Carolyn,Brown,bUu0DtjeS3%v9^
carmorales4868,carol.morales@example.com,Carol,Morales,fT9FI%%NdiipJG
edwardortiz4732,edward.ortiz@example.com,Edward,Ortiz,e4D0TVUV8E9k&z
jennifer_cook783,jennifer.cook@example.com,Jennifer,Cook,=h!HwJhzd%ZBuJ
carlewis7628,carol.lewis@example.com,Carol,Lewis,!Z2TGAoJWCEa*W
doupeterson7849,douglas.peterson@example.com,Douglas,Peterson,rzpxhI=-rDpm%h
samkim1901,samantha.kim@example.com,Samantha,Kim,T(^x^bP1VvMo0-
betty_cruz700,betty.cruz@example.com,Betty,Cruz,IdS7ohMSs1+cHJ
davidmorris4285,david.morris@example.com,David,Morris,BTOBMy)*@9$Hvc
elizabethrobinson8616,elizabeth.robinson@example.com,Elizabeth,Robinson,Y%q$^CLPFPGjU2
stephenscott,stephen.scott@example.com,Stephen,Scott,B0ThDs7WMz-ZXA
paulmoore3757,paul.moore@example.com,Paul,Moore,AIifS)GC%AH8@n
edwardcampbell3753,edward.campbell@example.com,Edward,Campbell,e&WCF1&+dIbhnY
lisaramos8065,lisa.ramos@example.com,Lisa,Ramos,@n0@)R^hlJgwNT
tyler_jackson567,tyler.jackson1@example.com,Tyler,Jackson,%#S%SJ3TGoW4))
maryclark,mary.clark@example.com,Mary,Clark,WW&!oQANvSp^Vl
robertlewis,robert.lewis@example.com,Robert,Lewis,rRM5_cUTauaHWG
jacadams9117,jack.adams1@example.com,Jack,Adams,o1Ogz&7LR1CzdY
ashleyhill8142,ashley.hill@example.com,Ashley,Hill,C7d2tT-j15okaj
melissahernandez8147,melissa.hernandez@example.com,Melissa,Hernandez,dHzXvMo08PuHGm
carol_bailey557,carol.bailey@example.com,Carol,Bailey,t_B2xna8YnuQs-
melissa_baker169,melissa.baker@example.com,Melissa,Baker,ltKF1t@#%kS8#t
james.garcia,james.garcia@example.com,James,Garcia,Sb%q1BTooPklzB
nicholas_taylor64,nicholas.taylor@example.com,Nicholas,Taylor,WSlv-CQbf^0rUB
robert.johnson,robert.johnson@example.com,Robert,Johnson,j_)wROxL79m@B^
michelle_martinez471,michelle.martinez@example.com,Michelle,Martinez,nH%ubzNP-xH_3*
edwarddiaz2369,edward.diaz1@example.com,Edward,Diaz,)u3F$0zTGNci7W
charlesdavis,charles.davis@example.com,Charles,Davis,@JO^Y-0iW0Vi-*
samantharamos7363,samantha.ramos@example.com,Samantha,Ramos,dLK_N#U_0A^FuF
johnreed,john.reed@example.com,John,Reed,!w@b3FmxjuA87U
richard_walker863,richard.walker1@example.com,Richard,Walker,oIB$7DtRg)DVGu
dennisramirez6156,dennis.ramirez@example.com,Dennis,Ramirez,gX*Vn2ZasMk3(d
melissaking906,melissa.king1@example.com,Melissa,King,0izpW!yJZuUqim
janedwards5213,janet.edwards@example.com,Janet,Edwards,B^l62pW_b@cb*L
ruthmartinez5831,ruth.martinez@example.com,Ruth,Martinez,80_4K_0Wq)wLZW
stevenharris2823,steven.harris@example.com,Steven,Harris,WgyWwpS6*QKB2O
karbrooks2454,karen.brooks@example.com,Karen,Brooks,H$VdQCOu+#_bEf
carolyn_green,carolyn.green@example.com,Carolyn,Green,_3RV8#4BzQ(9T*
christine_stewart924,christine.stewart@example.com,Christine,Stewart,0^E7UaZE@WH*C7
jerry_cruz145,jerry.cruz@example.com,Jerry,Cruz,nvz*F_wgS7wpeJ
amy_watson,amy.watson@example.com,Amy,Watson,M_CNEdmHjm_g!W
sharonmiller759,sharon.miller@example.com,Sharon,Miller,7DY@k3G3k-65u7
james_gonzalez54,james.gonzalez@example.com,James,Gonzalez,61NVBenU)G*9ZD
melcooper4311,melissa.cooper@example.com,Melissa,Cooper,WV^dQB+F!&q5gL
bettyclark5903,betty.clark@example.com,Betty,Clark,!_O*4+Vi25YyrF
ruth_nelson,ruth.nelson1@example.com,Ruth,Nelson,bPUgyih0TK6+LU
susrivera5274,susan.rivera@example.com,Susan,Rivera,YV1dHvzUz2fi%o
ryan_flores,ryan.flores@example.com,Ryan,Flores,l8siNgmv#LKwLb
lisgarcia9871,lisa.garcia@example.com,Lisa,Garcia,DNd=Mvu9S!TmkT
amygomez,amy.gomez1@example.com,Amy,Gomez,Nb)#4)V)$inq#K
micstewart1106,michael.stewart@example.com,Michael,Stewart,iz4S_LVRV+otd(
janetpeterson1992,janet.peterson@example.com,Janet,Peterson,Y7T9tEvJxaaDN=
steven_martinez,steven.martinez@example.com,Steven,Martinez,mGjk_1K!)Tf3!2
catherine_parker664,catherine.parker@example.com,Catherine,Parker,Rzat5vHPD67VwJ
dennis_king842,dennis.king@example.com,Dennis,King,w(y2bnhpST1Ktm
helen_rivera920,helen.rivera@example.com,Helen,Rivera,5yr-ElWupyH0X-
timothy_baker814,timothy.baker@example.com,Timothy,Baker,yV$-5fULO0EVZJ
thomasjohnson420,thomas.johnson@example.com,Thomas,Johnson,xXUTb6sfZY$OrY
paul_morgan194,paul.morgan@example.com,Paul,Morgan,Omk8tsO1^T0U1W
annasanchez6097,anna.sanchez@example.com,Anna,Sanchez,kuQz9c%GkpL0oD
sarah.ortiz,sarah.ortiz@example.com,Sarah,Ortiz,2IFs$aqftlYavb
maria_adams93,maria.adams@example.com,Maria,Adams,AQNgyqMj3He+r)
emma_hall,emma.hall1@example.com,Emma,Hall,yK=+6@DmKvEzKm
katrodriguez3192,kathleen.rodriguez@example.com,Kathleen,Rodriguez,eWXC_nb6W6)kOk
samantha_thomas500,samantha.thomas@example.com,Samantha,Thomas,eoD@zwtf()r8W+
briharris5343,brian.harris@example.com,Brian,Harris,Fi4Uqbj%uO+q2@
george_thompson994,george.thompson1@example.com,George,Thompson,3Y%boH%RhBEoYn
jamthompson8918,james.thompson1@example.com,James,Thompson,az+tv9+e0kCM)V
samuelwatson2653,samuel.watson@example.com,Samuel,Watson,ctggwqYQ+QVPr+
amy_scott764,amy.scott@example.com,Amy,Scott,FJUJ4JRq#s1@e$
jusnelson7408,justin.nelson@example.com,Justin,Nelson,qLT(#oFVWRkGVH
sanward860,sandra.ward@example.com,Sandra,Ward,Mu*qp^_bRX(=sY
jason_evans549,jason.evans@example.com,Jason,Evans,-xnvUS&gYt#Pj)
jesevans8468,jessica.evans@example.com,Jessica,Evans,Pml=nHc#)xD1OM
amy_rivera825,amy.rivera@example.com,Amy,Rivera,EUQQ=H4BtnqoqM
lindarivera,linda.rivera@example.com,Linda,Rivera,KOaUt6#lbo)D%O
jack.jackson,jack.jackson@example.com,Jack,Jackson,KoJnI+8JNBREgm
kathleenrodriguez1666,kathleen.rodriguez1@example.com,Kathleen,Rodriguez,0!96-dC&k6&4Zz
thoturner6888,thomas.turner@example.com,Thomas,Turner,Y0OGS52_orFd!n
melissamorris2725,melissa.morris@example.com,Melissa,Morris,u0UfsW22m(WR7o
douglas_brooks482,douglas.brooks@example.com,Douglas,Brooks,A+I##tRU7IejnS
jacob.baker,jacob.baker@example.com,Jacob,Baker,3-2=8Fls14UM#%
henrylewis2867,henry.lewis@example.com,Henry,Lewis,PI$CKqcTF8)5zb
michellelopez5830,michelle.lopez@example.com,Michelle,Lopez,Vz^6=yuOEOePe3
aarmiller4615,aaron.miller@example.com,Aaron,Miller,)_fb#M%RAZ)*Cb
jusperez7098,justin.perez@example.com,Justin,Perez,yJSy$C8Yu_pe4b
olivia_robinson78,olivia.robinson@example.com,Olivia,Robinson,mdPhPqdf7**AxP
jennifer_jackson421,jennifer.jackson@example.com,Jennifer,Jackson,q9m%21CT!w@e*B
pamelanguyen,pamela.nguyen@example.com,Pamela,Nguyen,TyGuakBPIob6Is
caredwards7948,carol.edwards@example.com,Carol,Edwards,60fK%9GH+D6#b=
kathleensmith7545,kathleen.smith@example.com,Kathleen,Smith,qW*FDWx48DuoZk
robert_gutierrez433,robert.gutierrez@example.com,Robert,Gutierrez,b7ZnbNwEH-rcB1
jenniferadams6569,jennifer.adams@example.com,Jennifer,Adams,BhQb#uO5gxR0+u
marybailey5122,mary.bailey@example.com,Mary,Bailey,WFYNqdQCo&4FD=
henryroberts9241,henry.roberts@example.com,Henry,Roberts,LEX5iMAnsm6nPZ
amanda.collins,amanda.collins@example.com,Amanda,Collins,5J3&cvS4uh%@wC
robertmorgan8467,robert.morgan@example.com,Robert,Morgan,YMb*Y*7t#CiEtf
karen.martin,karen.martin@example.com,Karen,Martin,=Q_f8Md=ogPi6W
pamela.martin,pamela.martin@example.com,Pamela,Martin,FFyU3ODDxcYHXR
pathall9492,patrick.hall@example.com,Patrick,Hall,Q5#T!q%3IMifX!
shirley_white869,shirley.white@example.com,Shirley,White,p6=Um7h5H#0G+=
nananderson6926,nancy.anderson@example.com,Nancy,Anderson,pqA+9aoE&JkdRw
davidking646,david.king@example.com,David,King,Ix^hoVO!KV&X_s
nancy_peterson442,nancy.peterson@example.com,Nancy,Peterson,7Okvy&5DW(p-IS
juswright1228,justin.wright1@example.com,Justin,Wright,5&Zdc3x+8nAV%N
michael.allen,michael.allen@example.com,Michael,Allen,UlPXDvRMhy7l&8
brelewis4221,brenda.lewis@example.com,Brenda,Lewis,L6!oYF%m_aaEw@
geowilson9909,george.wilson@example.com,George,Wilson,O!Our)^)wk%23&
kevinhill415,kevin.hill1@example.com,Kevin,Hill,PF+lX$oHlSMJC4
carol_brooks527,carol.brooks@example.com,Carol,Brooks,Ij=Q^=mIG37C*(
edward.moore,edward.moore@example.com,Edward,Moore,gsyB@H^c@xpKtz
patrickortiz,patrick.ortiz@example.com,Patrick,Ortiz,Boetr8xBbF_eyC
william_wilson93,william.wilson@example.com,William,Wilson,Tu8Cow*MJtB!Op
andrewtorres1795,andrew.torres@example.com,Andrew,Torres,OdLtTw8cvY3^7A
dorothy_rodriguez541,dorothy.rodriguez@example.com,Dorothy,Rodriguez,%muQ#y8f=o#L+I
christinenguyen2834,christine.nguyen@example.com,Christine,Nguyen,uS7p5Y@&Tmsto-
cynthia_rogers356,cynthia.rogers@example.com,Cynthia,Rogers,H9Qzhr%h2GsG-L
nicjackson3503,nicholas.jackson@example.com,Nicholas,Jackson,Ta=4nso5S_c7Oc
david_collins380,david.collins@example.com,David,Collins,vk*d7IMo--4!Nw
davidbailey5845,david.bailey@example.com,David,Bailey,+3w(QiLfTMFY=N
carharris5664,carol.harris@example.com,Carol,Harris,&H$-ZM3R3tmx5f
donnamartin,donna.martin@example.com,Donna,Martin,9fj8*0VXAkDDz0
john_parker,john.parker@example.com,John,Parker,Q4vXVWcy!_WOgQ
danielrogers,daniel.rogers@example.com,Daniel,Rogers,pnzlpVrQ+7_F&+
lisa_young758,lisa.young@example.com,Lisa,Young,vR_Y99H9@eT#dl
mary_gutierrez769,mary.gutierrez@example.com,Mary,Gutierrez,&pI&8UCX8ab+Qy
samuel_mitchell533,samuel.mitchell@example.com,Samuel,Mitchell,EB4cazt@A*wS2v
alebaker918,alexander.baker@example.com,Alexander,Baker,8LgQqUfgU6a+19
josephyoung,joseph.young@example.com,Joseph,Young,CKbd-TyWL2Kn_s
edward_hall,edward.hall1@example.com,Edward,Hall,a((aZO_2y6cvlJ
nancy_reed746,nancy.reed1@example.com,Nancy,Reed,I$VUCm3IyIoMY(
antkelly7497,anthony.kelly2@example.com,Anthony,Kelly,Aw5Xy0L$XnXFLq
stephengutierrez9285,stephen.gutierrez@example.com,Stephen,Gutierrez,H4kS+6yFEgbG8s
aaron.robinson,aaron.robinson@example.com,Aaron,Robinson,DO4@(kGmDuzqqc
nicole_jackson376,nicole.jackson1@example.com,Nicole,Jackson,SrVRWBz71@E=Z8
julie_lee,julie.lee@example.com,Julie,Lee,n#=RwWuWXSs&h-
annataylor,anna.taylor@example.com,Anna,Taylor,+rGWVOQRHqbuPX
johnbrooks7823,john.brooks@example.com,John,Brooks,^5q4Sul0U$BNri
emmagonzalez5243,emma.gonzalez@example.com,Emma,Gonzalez,+CpZgr-k+LiFz7
pamela.lee,pamela.lee@example.com,Pamela,Lee,Gg^akPH^v)uz)p
marykelly9074,mary.kelly1@example.com,Mary,Kelly,jwq&Fq8q8S$%15
erickim7116,eric.kim@example.com,Eric,Kim,!eXLQpTgs^oTSQ
danhall1941,daniel.hall@example.com,Daniel,Hall,PuB_ZnEUdq#JlV
susan.garcia,susan.garcia@example.com,Susan,Garcia,kxrs5tJraJbyYC
steven_king382,steven.king@example.com,Steven,King,SGa%KHPlr!XNZ_
melissa.wright,melissa.wright@example.com,Melissa,Wright,u)JhutbPsg0le3
julierobinson,julie.robinson@example.com,Julie,Robinson,iUdQ0)aY=ycM96
petturner2798,peter.turner@example.com,Peter,Turner,I_cvXk1KkaK^sT
aaron.lewis,aaron.lewis@example.com,Aaron,Lewis,ajoPWboTGHra=K
maryhoward3743,mary.howard@example.com,Mary,Howard,Lnumf%*81K!Xa*
ericroberts,eric.roberts@example.com,Eric,Roberts,nRs!)t@+9iB0UL
nancymiller3338,nancy.miller@example.com,Nancy,Miller,!PS&2@0**akUH%
janet_reed118,janet.reed@example.com,Janet,Reed,$DfLj9Bjsr=M$I
jason_watson,jason.watson@example.com,Jason,Watson,i1zo)oM3l^Dn^5
henking3613,henry.king@example.com,Henry,King,eOfgF*$=kyn%gu
sharon_sanchez659,sharon.sanchez@example.com,Sharon,Sanchez,z5+Pj*&=rq$$9d
scorodriguez9090,scott.rodriguez@example.com,Scott,Rodriguez,08Q=(j!ym+2@S0
jameswalker944,james.walker@example.com,James,Walker,7GoDpUPmyfwiZh
oliviamartin,olivia.martin@example.com,Olivia,Martin,$yGTn(#K5I%u4R
elizabeth_thompson180,elizabeth.thompson@example.com,Elizabeth,Thompson,pW@W%=0%P@2JTI
sharonrodriguez3435,sharon.rodriguez@example.com,Sharon,Rodriguez,pRiR4V%w#iR^P=
helparker6418,helen.parker@example.com,Helen,Parker,UloSdvr=^+q(_9
chrjohnson4863,christine.johnson@example.com,Christine,Johnson,Foy5S^LM$wmsqC
garwright3120,gary.wright@example.com,Gary,Wright,9XAScmJtxp5#2k
nicholas_ward46,nicholas.ward@example.com,Nicholas,Ward,lha@WpeeX_Z0gb
patriciaroberts5526,patricia.roberts@example.com,Patricia,Roberts,LCP&T!r$K&nfBM
nicole_collins,nicole.collins@example.com,Nicole,Collins,^G-OvIDMnIU4D_
elizabeth_jones844,elizabeth.jones@example.com,Elizabeth,Jones,pXNt_YK8W1g-Vl
henry_hernandez333,henry.hernandez@example.com,Henry,Hernandez,o3C$R@z4rRwc$k
davgarcia959,david.garcia@example.com,David,Garcia,Vyma#2VWb1=1!f
jonathan_flores,jonathan.flores1@example.com,Jonathan,Flores,%PFh)edItWWQGt
antwilliams9018,anthony.williams1@example.com,Anthony,Williams,uc9w5oCkTfy!lQ
jacob_morris,jacob.morris@example.com,Jacob,Morris,Jwoxb7m_UipRLL
jenjohnson5196,jennifer.johnson@example.com,Jennifer,Johnson,LB$!t#e+DQjG2(
joyallen7561,joyce.allen@example.com,Joyce,Allen,2=+aneR6fR9%V@
samuel_cook890,samuel.cook@example.com,Samuel,Cook,RkesO@-Hc(NO_y
dorothy_cook690,dorothy.cook@example.com,Dorothy,Cook,fUg$OF8YZqFG(+
ronald_clark888,ronald.clark@example.com,Ronald,Clark,$-MY2Oq&ehSEWf
jackcollins2002,jack.collins@example.com,Jack,Collins,dX!32(51di@R^5
daniel_watson872,daniel.watson@example.com,Daniel,Watson,wK(9p%LYA2V%lq
josephmorales,joseph.morales@example.com,Joseph,Morales,mwBulktOI!BsK4
samuel_brown831,samuel.brown@example.com,Samuel,Brown,y=bIsbH+xF&R0w
chrramirez3446,christine.ramirez@example.com,Christine,Ramirez,2$gS&^VZU8(oZ=
ruth_watson,ruth.watson@example.com,Ruth,Watson,NO+l8vAkve$Ftt
danielroberts,daniel.roberts@example.com,Daniel,Roberts,TJt$o5-&!e9wi&
amylopez1086,amy.lopez2@example.com,Amy,Lopez,1hy0TgSOZ1pShY
emma.smith,emma.smith@example.com,Emma,Smith,(o&_TC=uxro1Sd
dennis.nelson,dennis.nelson@example.com,Dennis,Nelson,XCW7*xNmOaB38@
scottperez4717,scott.perez@example.com,Scott,Perez,aqKqo9rNN8g+*P
braflores8722,brandon.flores@example.com,Brandon,Flores,(M)YxOVNfOR7h1
johflores8590,john.flores@example.com,John,Flores,g7aKFBt!DUI_j)
shirley_miller,shirley.miller@example.com,Shirley,Miller,X5PQRWjsUTiI$v
michelle_rodriguez431,michelle.rodriguez@example.com,Michelle,Rodriguez,h^r!4g9agiU=^k
henry_phillips,henry.phillips@example.com,Henry,Phillips,iafSEOIMkZlh+G
amymurphy5692,amy.murphy@example.com,Amy,Murphy,8OhKPL*Z+4=rq$
aaron.nguyen,aaron.nguyen@example.com,Aaron,Nguyen,DU_&7Ir4vg^N4p
ashleywalker4077,ashley.walker@example.com,Ashley,Walker,S$=DH+D-hyTK8y
maria.sanchez,maria.sanchez@example.com,Maria,Sanchez,0No6x2wzR_hLl6
mark.scott,mark.scott@example.com,Mark,Scott,izfT1^&P@U_YlI
rebeccagutierrez1415,rebecca.gutierrez@example.com,Rebecca,Gutierrez,Ir*&@^Qd)16DUN
diane_morgan,diane.morgan@example.com,Diane,Morgan,fo-1HXNKIdu3&l
pamela_smith928,pamela.smith@example.com,Pamela,Smith,n8ALb*80HDRORs
dongreen7696,donna.green@example.com,Donna,Green,yWSh@y)M+g-o+$
susan_carter352,susan.carter@example.com,Susan,Carter,=5rnMgfA-qMh^f
dennislopez6374,dennis.lopez@example.com,Dennis,Lopez,)R=T+yQU!_w+SB
jasonallen174,jason.allen@example.com,Jason,Allen,Q!Cjum!QBxLOmD
amy_brooks80,amy.brooks@example.com,Amy,Brooks,OLbJvU4zQ&3oAY
jerry_morgan,jerry.morgan@example.com,Jerry,Morgan,6*IJG312tXX&Xu
william_hall315,william.hall@example.com,William,Hall,OuN840VvpS0Pfb
elizabeth_morgan143,elizabeth.morgan@example.com,Elizabeth,Morgan,LXMpr3k3CgzmR7
josmorgan5564,joshua.morgan@example.com,Joshua,Morgan,efFDNbMx$Q_GFh
laura.harris,laura.harris@example.com,Laura,Harris,C%T9l7aHb8W10D
richard.hall,richard.hall@example.com,Richard,Hall,(e=leCA)h7IFNx
timothy.perez,timothy.perez@example.com,Timothy,Perez,ZdKM8z^mo_WZId
katherine.jackson,katherine.jackson@example.com,Katherine,Jackson,cfHhPCbQNP4trK
rebeccabrooks1216,rebecca.brooks@example.com,Rebecca,Brooks,FZ6KXI_2wxOpG-
henrymitchell,henry.mitchell@example.com,Henry,Mitchell,Br^^@1rUWP!J6n
stephen_cruz711,stephen.cruz@example.com,Stephen,Cruz,lzh8$_dqZKzaHm
laujackson9214,laura.jackson@example.com,Laura,Jackson,2RXP5Jn(_li+ly
michelleperez8955,michelle.perez@example.com,Michelle,Perez,_AYkb!(Zg5ON8)
ronmorris3765,ronald.morris@example.com,Ronald,Morris,Ff%ka83&cTZxd%
timothyevans,timothy.evans@example.com,Timothy,Evans,%81dHAC#Ff9@Q)
chrnelson7930,christopher.nelson1@example.com,Christopher,Nelson,9tKQ+I9fbVH*_W
christine_moore469,christine.moore@example.com,Christine,Moore,7j4Ka!yAmF6lhw
patyoung9294,patrick.young@example.com,Patrick,Young,76BhaSPXXLN4tU
denniscook,dennis.cook@example.com,Dennis,Cook,EAw^1SNnh30gO@
dennismoore573,dennis.moore@example.com,Dennis,Moore,Ap!K2%AIr)r6-I
jessicascott5707,jessica.scott@example.com,Jessica,Scott,jCE8IW)HgQHLHj
helen.torres,helen.torres@example.com,Helen,Torres,Ne)$!=*%6d6#N@
brandon_gutierrez198,brandon.gutierrez@example.com,Brandon,Gutierrez,q5#-ykWT(c@Czh
carolyn_hernandez327,carolyn.hernandez@example.com,Carolyn,Hernandez,v#bzohvLvKbggL
anthonymartinez1290,anthony.martinez@example.com,Anthony,Martinez,P$VYMF$Hx7qWjV
george_rivera,george.rivera@example.com,George,Rivera,!3c@rt$PYBUjX6
benjamin_turner137,benjamin.turner@example.com,Benjamin,Turner,g9A!&k@_cLEpE@
peter_mitchell83,peter.mitchell@example.com,Peter,Mitchell,_K+#)o0T^L!G9&
alexander_brown,alexander.brown@example.com,Alexander,Brown,iQ7Z-PcOdKmGrB
diane.williams,diane.williams@example.com,Diane,Williams,wr=b%Jwxn-kPz3
john.parker,john.parker1@example.com,John,Parker,HsWtG%m0t^&18w
joyking1237,joyce.king@example.com,Joyce,King,Gr*lpkYEJ_gB8!
benjamingreen945,benjamin.green@example.com,Benjamin,Green,8(xJzDP_Z#G)yD
anna.brooks,anna.brooks@example.com,Anna,Brooks,_%nvXT4OUc!wMr
michelle_williams,michelle.williams@example.com,Michelle,Williams,ntQyL@Q0EV0Px6
linwright7884,linda.wright@example.com,Linda,Wright,IFazh619d1Z1pj
william_lee743,william.lee1@example.com,William,Lee,qRc)@m!Uzca&LH
nancywilliams957,nancy.williams@example.com,Nancy,Williams,XDExKf*wEMptP7
samuel_brown,samuel.brown1@example.com,Samuel,Brown,)Iy^$_5ym=%K2b
benbrooks2740,benjamin.brooks@example.com,Benjamin,Brooks,@B$U9TyAim&fhc
sharodriguez333,sharon.rodriguez1@example.com,Sharon,Rodriguez,A)Ge6-lSmon(dK
carollopez9391,carol.lopez@example.com,Carol,Lopez,jrUMyG2LYuy7ak
maryharris2422,mary.harris@example.com,Mary,Harris,V5X&7Yk!X21HEI
nancyjohnson5188,nancy.johnson@example.com,Nancy,Johnson,q2lIeTzFY8j%Lt
anthony.lewis,anthony.lewis1@example.com,Anthony,Lewis,&o+aBgvSFne8IX
kathleen_campbell267,kathleen.campbell@example.com,Kathleen,Campbell,mlaL3Ox&YXg(L%
emiwilliams2589,emily.williams@example.com,Emily,Williams,n_WGU+@s1eB@aq
frankthomas2691,frank.thomas@example.com,Frank,Thomas,oSFQpIyhYAR%KW
lisamurphy189,lisa.murphy@example.com,Lisa,Murphy,Yoz*L=tO51Vxe@
gregory.howard,gregory.howard@example.com,Gregory,Howard,y!&8=q4cSM!d%e
joyce_clark614,joyce.clark@example.com,Joyce,Clark,X0FDjzK+x+U4v!
samuel_allen,samuel.allen@example.com,Samuel,Allen,W7l_$*6+!&!et$
anthonythompson,anthony.thompson@example.com,Anthony,Thompson,@tryARim%uwnYB
samgarcia4463,samantha.garcia@example.com,Samantha,Garcia,8HXn1pLx=ZV0LT
janet_martinez,janet.martinez@example.com,Janet,Martinez,i2088Iqn)46oOK
emilyperez,emily.perez@example.com,Emily,Perez,_G9OSeCDOQ)HLz
diane_harris584,diane.harris@example.com,Diane,Harris,-44SITy$TsY$cl
jaswright3739,jason.wright@example.com,Jason,Wright,f*pvwiIJxzUW7b
alexander_scott411,alexander.scott@example.com,Alexander,Scott,ys%B78V(5i(MbR
geoedwards3181,george.edwards@example.com,George,Edwards,GT5b&lTDsZfJA_
stephanieflores,stephanie.flores@example.com,Stephanie,Flores,^%O*o9fm3dr1Mu
jonathan_thomas150,jonathan.thomas@example.com,Jonathan,Thomas,jXnSD!O(BSB8IQ
tyler_cruz507,tyler.cruz@example.com,Tyler,Cruz,4e)8buf*==ID_L
christine.harris,christine.harris@example.com,Christine,Harris,vUvRsR0evalL4t
catherine_taylor789,catherine.taylor@example.com,Catherine,Taylor,$bbvp3A4^pY!vA
jenwalker297,jennifer.walker@example.com,Jennifer,Walker,qAgDj%D=-glEMD
ryan_white,ryan.white@example.com,Ryan,White,+eMi(bh_^Ys%FE
stephen_lopez140,stephen.lopez@example.com,Stephen,Lopez,p35#(NW4deLD89
sharonparker,sharon.parker@example.com,Sharon,Parker,I%nCFldmYurjZ!
rebcruz1580,rebecca.cruz@example.com,Rebecca,Cruz,(JwFl8mvpfC1(*
christine_bailey180,christine.bailey@example.com,Christine,Bailey,=i2Xw-QDjLUfxf
janet_edwards296,janet.edwards1@example.com,Janet,Edwards,9&o&Nu-gLEXGFQ
deborahanderson7831,deborah.anderson@example.com,Deborah,Anderson,+xwToso3yHrNcY
andrew_gutierrez292,andrew.gutierrez@example.com,Andrew,Gutierrez,s)pJNN*Tw_b3f=
microberts6911,michael.roberts@example.com,Michael,Roberts,IDVr2u(e-1S^yD
chajohnson5096,charles.johnson@example.com,Charles,Johnson,ItI5ARsu-(GXjR
emmwhite5187,emma.white@example.com,Emma,White,qw@jt0+DEKYMra
jack.brooks,jack.brooks@example.com,Jack,Brooks,wEm*g*2YozOxg6
karyoung9267,karen.young@example.com,Karen,Young,Ru$Ula4oCRbw+e
lauscott7996,laura.scott@example.com,Laura,Scott,jhR&kaaSG4r0PK
erimorales9096,eric.morales@example.com,Eric,Morales,Ro%3CGcMPJy*9g
michael.kelly,michael.kelly@example.com,Michael,Kelly,$Y!Jzw@^ycsU!-
rachel.diaz,rachel.diaz@example.com,Rachel,Diaz,7DhMtev&+mX#CQ
jacparker6424,jack.parker@example.com,Jack,Parker,3-SW*mE7W35jqB
ryan_hernandez455,ryan.hernandez@example.com,Ryan,Hernandez,+uC!WUSB9K)7k_
danielmorales3327,daniel.morales@example.com,Daniel,Morales,IfTgf7BCoYzjm2
marianelson9099,maria.nelson@example.com,Maria,Nelson,v(sXLlJcVBC6&k
garrivera2800,gary.rivera@example.com,Gary,Rivera,OSDx8Pw8stV&8J
andrewgutierrez3808,andrew.gutierrez1@example.com,Andrew,Gutierrez,q2Jj0Y$+F7ul#v
pamela_white770,pamela.white@example.com,Pamela,White,HXYzLFFz^K7B+i
nicholascox1165,nicholas.cox@example.com,Nicholas,Cox,-rfsMGdd@YJl_8
ricperez3092,richard.perez@example.com,Richard,Perez,yy4VfmIlI+CXCn
jennifer_perez636,jennifer.perez@example.com,Jennifer,Perez,Nsf5R!ZYCHUfOQ
deborahturner8439,deborah.turner1@example.com,Deborah,Turner,)K^j^S@(=)CC*#
davidparker3848,david.parker@example.com,David,Parker,mILKY-eHInXawI
aaronhernandez4381,aaron.hernandez@example.com,Aaron,Hernandez,S5kFpseZ)sc459
brandon_martinez647,brandon.martinez@example.com,Brandon,Martinez,J1u(lB+2d%aXLr
robadams8939,robert.adams@example.com,Robert,Adams,_zsXPNEJ(pK6E@
christine_kim827,christine.kim@example.com,Christine,Kim,hvbqwRKGn=fN*W
pausmith1405,paul.smith@example.com,Paul,Smith,!BC1Cmj3Y@V8On
susan_perez,susan.perez@example.com,Susan,Perez,Iw=&K%8(g)zDnm
stephanie_gomez625,stephanie.gomez1@example.com,Stephanie,Gomez,@yCDRcr0j+xg%O
nancy_morris,nancy.morris@example.com,Nancy,Morris,GkBw(u=rs179VY
cynthia.wilson,cynthia.wilson@example.com,Cynthia,Wilson,39qqZ6GfvI56No
jack_reed836,jack.reed@example.com,Jack,Reed,zCdRNq$MB@EEQf
patriciamorgan2621,patricia.morgan@example.com,Patricia,Morgan,b&X2vDSdlDYY)X
georgestewart,george.stewart1@example.com,George,Stewart,O1*b4(*R3-jU*e
daniel_edwards,daniel.edwards@example.com,Daniel,Edwards,HtP!vxT+BT2rz@
georgegonzalez8659,george.gonzalez@example.com,George,Gonzalez,IqF%0SB%jhwLfF
paulmoore1107,paul.moore1@example.com,Paul,Moore,R6HejC%EG^*%3r
patthompson9066,patricia.thompson@example.com,Patricia,Thompson,2WvYFYs%&mQ$FA
rebecca_campbell12,rebecca.campbell@example.com,Rebecca,Campbell,Rts7-R*9lK3xgX
jacgarcia4434,jack.garcia@example.com,Jack,Garcia,aETQ4-m$i-Npq&
micallen1506,michelle.allen1@example.com,Michelle,Allen,V+Q%^TW(Ks*pv6
marhernandez4786,mark.hernandez@example.com,Mark,Hernandez,x3x-ufR1nq4F9E
catrivera5995,catherine.rivera@example.com,Catherine,Rivera,l#vhGEkVuPSvoN
georgepeterson1026,george.peterson@example.com,George,Peterson,s)Vk8k)KDVgx!J
charogers4688,charles.rogers@example.com,Charles,Rogers,cKdqx0QvF4g%r8
jacsmith7114,jack.smith@example.com,Jack,Smith,dt(kLKzU9NSyvk
karen.jackson,karen.jackson@example.com,Karen,Jackson,km=Xtu_v^@+@%n
cynthia_kelly661,cynthia.kelly1@example.com,Cynthia,Kelly,AG(RWozn$yNXqb
paubailey5217,paul.bailey@example.com,Paul,Bailey,13Rt=rMtpWFdaB
jennifernguyen3196,jennifer.nguyen@example.com,Jennifer,Nguyen,X$Sjj)ruBo6$B4
david_cook399,david.cook@example.com,David,Cook,Tz91fzhHo5gOZR
joyturner5662,joyce.turner@example.com,Joyce,Turner,GW98dm8xY$x7M=
samwilliams7489,samantha.williams@example.com,Samantha,Williams,@1t3d1YV&oyl3n
benjamin_wright281,benjamin.wright@example.com,Benjamin,Wright,&c!dJGJr3P$Rfy
sangreen1594,sandra.green@example.com,Sandra,Green,HCukUTEi1qnFKV
kevindavis9443,kevin.davis@example.com,Kevin,Davis,X6^Qk$S&L#Qp#j
jessicacarter,jessica.carter@example.com,Jessica,Carter,_(yBYP_&y5ZW%B
betty_allen822,betty.allen@example.com,Betty,Allen,t%!OoP-1$VS7&k
mary_allen,mary.allen@example.com,Mary,Allen,_DlvHfQ26TWhhB
markortiz8289,mark.ortiz@example.com,Mark,Ortiz,hu!iNw!DyGfgkO
kathleen.howard,kathleen.howard@example.com,Kathleen,Howard,y-PoUv1jupH=5l
scott_wright364,scott.wright@example.com,Scott,Wright,5tvuoax@2X&Wvs
laura_hernandez729,laura.hernandez@example.com,Laura,Hernandez,_PLjd=cvTi%Z=0
aarharris6910,aaron.harris@example.com,Aaron,Harris,Uzs5arc2a%0rwe
patrickcollins7094,patrick.collins@example.com,Patrick,Collins,n0u737QSCFdP*5
jessicaedwards2017,jessica.edwards@example.com,Jessica,Edwards,JTvs90dIoqSbpr
jerryturner5221,jerry.turner@example.com,Jerry,Turner,CUeFRRBn&Gj7@V
rebeccacruz4322,rebecca.cruz1@example.com,Rebecca,Cruz,v-ya1d4UwODOly
kevjohnson8652,kevin.johnson@example.com,Kevin,Johnson,7JpKEt2Nk^nJg0
mark_morales,mark.morales@example.com,Mark,Morales,LsNl5Lk_VjHzzi
olipeterson8758,olivia.peterson1@example.com,Olivia,Peterson,Kru5xQIQu$ovRz
elizabeth_ramos916,elizabeth.ramos@example.com,Elizabeth,Ramos,WxA^9D%5owIWKv
benjamin_jones327,benjamin.jones@example.com,Benjamin,Jones,T_d**s$c77H%T!
elicooper4879,elizabeth.cooper@example.com,Elizabeth,Cooper,$A34gB2tf&*9gJ
heather_howard905,heather.howard@example.com,Heather,Howard,wxUOSMy!$=qds3
timothythomas,timothy.thomas@example.com,Timothy,Thomas,#xDQ&t_da!!iq-
carol_thomas458,carol.thomas@example.com,Carol,Thomas,ZkxQM#ZBoCl7LX
niccook8928,nicole.cook@example.com,Nicole,Cook,!nVMei4YcH%J&G
frank_scott530,frank.scott@example.com,Frank,Scott,rMA$#)JJRI$Bna
emmaparker,emma.parker@example.com,Emma,Parker,pZIfPE3(0+r4Ok
micwright762,michelle.wright@example.com,Michelle,Wright,1*Z!6qaU7S#ee9
stephanie_miller865,stephanie.miller@example.com,Stephanie,Miller,-)gw^L*E^w%-RV
ryadiaz7251,ryan.diaz@example.com,Ryan,Diaz,)s0oFJPPO&jkhq
elizabeth_smith933,elizabeth.smith@example.com,Elizabeth,Smith,Kk3XIGAycPnh1(
julreed2021,julie.reed@example.com,Julie,Reed,pqsR0y5uLD&bfQ
steven.rogers,steven.rogers@example.com,Steven,Rogers,fTl58y#QOh-^*Z
brebrown4323,brenda.brown@example.com,Brenda,Brown,@Ry3C$!8ucmEvP
deborah_mitchell,deborah.mitchell@example.com,Deborah,Mitchell,mOWdozCPFPjTxv
daniel.morales,daniel.morales1@example.com,Daniel,Morales,&3TIc5rD)k*uBK
katherine_sanchez211,katherine.sanchez@example.com,Katherine,Sanchez,2Hdj6Hn8&Ruhtf
edwcooper3847,edward.cooper@example.com,Edward,Cooper,&QqV!#J-xYk^--
rebecca.hall,rebecca.hall@example.com,Rebecca,Hall,&L9RNG^VImr1_4
petstewart4066,peter.stewart@example.com,Peter,Stewart,tf8FDzedg_V9**
carol.moore,carol.moore1@example.com,Carol,Moore,hbHXe0$oHt67uv
deborahcollins7639,deborah.collins@example.com,Deborah,Collins,l^!BxqpGR12=#H
gregoryrogers,gregory.rogers@example.com,Gregory,Rogers,jnS(f59y7EemHZ
susanmartin,susan.martin@example.com,Susan,Martin,FDIWfkB&Ay5!#5
briflores7079,brian.flores@example.com,Brian,Flores,)sWhbszE2gcZAy
johwilson8210,john.wilson@example.com,John,Wilson,dSZxn2d2875@wJ
benjamin_lewis899,benjamin.lewis@example.com,Benjamin,Lewis,gqF*e(eJfd=1Zv
george_smith373,george.smith@example.com,George,Smith,4!U=tQram+2$i(
matthew_williams144,matthew.williams1@example.com,Matthew,Williams,Peo!ogYMxOgpS-
susjohnson3358,susan.johnson@example.com,Susan,Johnson,YQK6zc+nas^QFl
emma.clark,emma.clark@example.com,Emma,Clark,lzizGJA!w=3BK4
diajackson5430,diane.jackson@example.com,Diane,Jackson,IBvkCcqmNL4UBB
anna_cooper979,anna.cooper@example.com,Anna,Cooper,6u5qfAMfG=jwct
richard.campbell,richard.campbell@example.com,Richard,Campbell,HxYj!wgq%c*T)w
christopher_edwards238,christopher.edwards@example.com,Christopher,Edwards,^jdHNeE-xmel+p
nicholas.green,nicholas.green@example.com,Nicholas,Green,pGil3TD0*vxqO#
samanthareed,samantha.reed@example.com,Samantha,Reed,h%Ra*7ci7(wy99
jastaylor6754,jason.taylor@example.com,Jason,Taylor,CpUYsv3X=b3uY#
edwardevans1726,edward.evans@example.com,Edward,Evans,oX9PO2%gZBZMBm
dougutierrez4391,douglas.gutierrez@example.com,Douglas,Gutierrez,#BE3-DSo=yGd09
lisa_cook11,lisa.cook@example.com,Lisa,Cook,idR_GW9DVzSot$
rebecca_ward,rebecca.ward@example.com,Rebecca,Ward,1n%Qz%4L)4btTH
jonathanwalker7645,jonathan.walker@example.com,Jonathan,Walker,(v)%*EKOrMn3^*
brian_watson,brian.watson@example.com,Brian,Watson,z9Sz7D(opmGPZ!
emilyscott9314,emily.scott@example.com,Emily,Scott,+DXRbY7XsC&MtJ
matharris769,matthew.harris@example.com,Matthew,Harris,nu(^6sMWhdF6FO
jamjones9680,james.jones@example.com,James,Jones,1n3E3PslvFMF0u
george_gomez918,george.gomez@example.com,George,Gomez,T$*5&P)VokGNWp
diabrown5204,diane.brown@example.com,Diane,Brown,N*LdWBwztF808_
aaronrogers3530,aaron.rogers@example.com,Aaron,Rogers,h5Lgt8EzcsZR9D
henwhite8209,henry.white@example.com,Henry,White,mb3HHDTeQC_4R=
karenyoung6898,karen.young1@example.com,Karen,Young,gtaF&mgq-2oX_&
elizabeth_davis534,elizabeth.davis@example.com,Elizabeth,Davis,AWd234tfKuf$YT
douglas_roberts730,douglas.roberts@example.com,Douglas,Roberts,pa!Ubj*XmuE9_2
emilybailey431,emily.bailey@example.com,Emily,Bailey,o&8A5_nihH85&#
douglasrivera3782,douglas.rivera@example.com,Douglas,Rivera,$Re9!qg%)bLDLx
mariaortiz3492,maria.ortiz@example.com,Maria,Ortiz,8isY1@4S@)y2#C
karreed6133,karen.reed@example.com,Karen,Reed,skVj0rU%h$+^#W
jessica.young,jessica.young@example.com,Jessica,Young,53I4x$9vJ+OjB=
ronald_ward613,ronald.ward@example.com,Ronald,Ward,MP63Y6X@3C482D
amanda_hall,amanda.hall@example.com,Amanda,Hall,OG0aj$gqE&Cq^#
pattaylor3350,patrick.taylor@example.com,Patrick,Taylor,-gQ-d4LBF8EfFh
niclewis5004,nicole.lewis@example.com,Nicole,Lewis,dnY%bV6tN8&4*@
stegreen5786,stephen.green@example.com,Stephen,Green,B3DNz$RZm+G4=C
heathertaylor5701,heather.taylor@example.com,Heather,Taylor,NF$si98EbTQzzb
patricia.ramirez,patricia.ramirez@example.com,Patricia,Ramirez,5zfQc1WB)91368
john.perez,john.perez@example.com,John,Perez,ePoV)hU+4i065a
oliviahill7787,olivia.hill@example.com,Olivia,Hill,Pym5H9V&)ak0!n
deborahallen,deborah.allen@example.com,Deborah,Allen,q27K&XE2J4z@NM
anthonyevans491,anthony.evans@example.com,Anthony,Evans,Cm++joC!tmNTG#
david_gonzalez,david.gonzalez@example.com,David,Gonzalez,^gisdx+$UDw*dU
aaronjones9407,aaron.jones@example.com,Aaron,Jones,+G$DKiegQtvutB
linda_clark,linda.clark@example.com,Linda,Clark,ah4)^oHD^#78Wt
diane.cox,diane.cox@example.com,Diane,Cox,qOUC6iWi7UYYCU
henry_torres,henry.torres@example.com,Henry,Torres,P%3Qh1F4vxBMI%
kathleenhernandez5975,kathleen.hernandez@example.com,Kathleen,Hernandez,*QkagVLV9&6oqK
bettygreen,betty.green@example.com,Betty,Green,9=yMCw^)_qqHaO
michael_jones588,michael.jones@example.com,Michael,Jones,@rV!$uc(KHh$i6
sarahking2876,sarah.king@example.com,Sarah,King,OP4k%o==DeOqiu
edward_brown597,edward.brown@example.com,Edward,Brown,SgqDXL6=SuNhBM